Estación;Provincia;Temperatura máxima (ºC);Temperatura mínima (ºC);Temperatura media (ºC);Racha (km/h);Velocidad máxima (km/h);Precipitación 00-24h (mm);Precipitación 00-06h (mm);Precipitación 06-12h (mm);Precipitación 12-18h (mm)
Estaca de Bares;A Coruña;13.0 (15:10);5.7 (04:00);9.3;41 (00:40);30 (21:40);;;;
As Pontes;A Coruña;9.2 (15:40);-1.3 (04:40);3.9;;;;;;
A Coruña;A Coruña;10.6 (16:00);3.6 (03:50);7.1;30 (21:00);18 (23:00);1.4;0.0;0.0;0.0
A Coruña Aeropuerto;A Coruña;10.9 (15:00);-0.8 (03:50);5.0;33 (19:30);25 (19:40);1.4;0.0;0.0;0.0
Carballo, Depuradora;A Coruña;10.7 (14:30);-0.1 (07:20);5.3;;;1.2;0.2;0.0;0.0
Cabo Vilan;A Coruña;;;;49 (22:30);;2.5;0.0;0.1;1.3
Vimianzo;A Coruña;8.8 (14:00);-0.1 (00:30);4.4;;;;;;
Fisterra;A Coruña;10.3 (14:50);4.0 (02:20);7.2;58 (23:20);36 (22:50);5.0;0.0;0.0;0.4
Mazaricos;A Coruña;8.0 (15:00);-0.2 (02:00);3.9;;;;;;
Santiago de Compostela Aeropuerto;A Coruña;8.0 (16:10);-2.1 (05:50);3.0;30 (21:20);19 (21:20);0.9;0.0;0.0;0.0
Noia;A Coruña;9.5 (13:50);1.0 (05:10);5.3;18 (22:50);10 (22:50);;;;
Boiro;A Coruña;9.4 (17:00);-0.2 (05:00);4.6;;;1.0;0.0;0.0;0.0
Padrón;A Coruña;11.9 (15:40);-1.9 (06:50);5.0;23 (07:50);17 (07:20);0.4;0.0;0.0;0.0
Santiago de Compostela;A Coruña;;;;;;;;;
Rois, Casas do Porto;A Coruña;9.7 (15:10);0.1 (05:40);4.9;;;;;;
Ossa de Montiel;Albacete;3.7 (13:20);-7.5 (08:20);-1.9;24 (17:00);13 (17:10);0.0;0.0;0.0;0.0
Villarrobledo;Albacete;7.2 (16:00);-7.2 (08:00);0.0;26 (16:10);15 (15:20);0.0;0.0;0.0;0.0
Munera;Albacete;1.9 (16:00);-11.1 (08:20);-4.6;19 (17:00);10 (15:20);0.0;0.0;0.0;0.0
Yeste, Embalse Fuensanta;Albacete;12.0 (15:10);-1.6 (02:40);5.2;;;0.0;0.0;0.0;0.0
Nerpio;Albacete;3.2 (13:10);-11.8 (23:10);-4.3;;;0.0;0.0;0.0;0.0
Yeste;Albacete;7.3 (15:10);-2.6 (08:30);2.4;;;0.0;0.0;0.0;0.0
Hellín;Albacete;7.4 (16:00);-0.9 (08:40);3.3;41 (17:30);25 (17:30);0.0;0.0;0.0;0.0
Tobarra;Albacete;8.5 (16:10);-0.9 (08:20);3.8;;;0.0;0.0;0.0;0.0
Albacete Base Aérea;Albacete;5.5 (15:10);-5.0 (08:20);0.3;;;0.0;0.0;0.0;0.0
Chinchilla;Albacete;3.1 (16:20);-5.5 (09:20);-1.2;31 (18:00);12 (18:00);0.0;0.0;0.0;0.0
Albacete;Albacete;6.4 (15:20);-4.2 (08:00);1.1;28 (17:10);10 (17:00);0.0;0.0;0.0;0.0
Alcalá del Júcar;Albacete;7.8 (16:30);-4.9 (08:00);1.5;29 (15:50);15 (16:30);0.0;0.0;0.0;0.0
Almansa;Albacete;7.9 (15:30);-3.4 (05:50);2.3;22 (16:20);10 (18:10);0.0;0.0;0.0;0.0
Orihuela;Alacant/Alicante;13.6 (16:40);2.2 (01:00);7.9;26 (18:00);15 (10:40);0.0;0.0;0.0;0.0
Pinoso;Alacant/Alicante;8.0 (15:50);-3.3 (02:40);2.4;23 (16:30);12 (16:40);0.0;0.0;0.0;0.0
Rojales;Alacant/Alicante;13.0 (15:10);2.3 (05:50);7.6;22 (09:40);13 (09:50);0.0;0.0;0.0;0.0
Villena;Alacant/Alicante;10.0 (15:40);-1.9 (05:40);4.1;29 (17:10);19 (17:10);0.0;0.0;0.0;0.0
Novelda;Alacant/Alicante;13.9 (15:10);3.2 (06:40);8.5;;;0.0;0.0;0.0;0.0
Elche/Elx;Alacant/Alicante;14.4 (15:30);2.6 (02:00);8.5;;;0.0;0.0;0.0;0.0
Alicante-Elche Aeropuerto;Alacant/Alicante;13.3 (15:10);3.8 (05:20);8.6;33 (12:30);22 (12:00);0.0;0.0;0.0;0.0
Alicante/Alacant;Alacant/Alicante;14.5 (14:50);3.0 (07:40);8.8;28 (16:10);15 (16:10);0.0;0.0;0.0;0.0
Benidorm;Alacant/Alicante;12.9 (13:10);3.0 (06:40);7.9;22 (14:40);12 (11:10);0.0;0.0;0.0;0.0
Jávea/ Xàbia;Alacant/Alicante;12.6 (14:40);3.1 (22:40);7.9;32 (10:00);19 (11:20);0.0;0.0;0.0;0.0
Pego;Alacant/Alicante;12.7 (15:30);3.1 (06:30);7.9;23 (12:50);11 (14:20);0.0;0.0;0.0;0.0
Alcoy/Alcoi;Alacant/Alicante;10.0 (16:30);0.0 (06:10);5.0;27 (12:20);14 (13:00);0.0;0.0;0.0;0.0
Vélez Blanco - Topares;Almería;5.0 (14:00);-2.9 (08:00);1.0;;;0.0;0.0;0.0;0.0
Adra;Almería;14.1 (11:00);8.3 (08:10);11.2;24 (14:30);16 (14:40);0.3;0.0;0.0;0.0
El Ejido;Almería;14.5 (13:20);6.3 (07:40);10.4;;;0.0;0.0;0.0;0.0
Roquetas de Mar;Almería;14.5 (15:40);6.2 (02:50);10.3;;;0.0;0.0;0.0;0.0
Abla;Almería;12.4 (13:30);0.0 (03:10);6.2;21 (15:10);9 (17:50);0.0;0.0;0.0;0.0
Almería Aeropuerto;Almería;15.6 (13:30);6.6 (07:40);11.1;46 (14:20);28 (14:20);0.0;0.0;0.0;0.0
Cabo de Gata;Almería;13.0 (11:50);10.1 (05:10);11.6;70 (15:40);41 (15:20);0.0;0.0;0.0;0.0
Garrucha, Puerto;Almería;12.9 (12:30);5.9 (07:40);9.4;30 (14:40);23 (14:40);0.0;0.0;0.0;0.0
Albox;Almería;14.1 (15:10);1.8 (07:20);8.0;28 (16:20);18 (16:20);0.0;0.0;0.0;0.0
Huercal Overa;Almería;14.1 (14:10);1.5 (08:30);7.8;27 (15:20);15 (15:10);0.0;0.0;0.0;0.0
Alborán;Almería;;;;;;;;;
Aramaio;Araba/Álava;3.4 (13:50);-1.9 (23:50);0.8;;;8.8;6.6;2.2;0.0
Amurrio;Araba/Álava;3.5 (16:40);0.2 (06:00);1.9;10 (17:00);6 (17:20);8.0;3.2;3.0;1.4
Lalastra;Araba/Álava;1.4 (15:40);-5.6 (23:59);-2.1;31 (01:10);15 (00:50);0.2;0.2;0.0;0.0
Agurain/Salvatierra;Araba/Álava;1.6 (14:20);-2.9 (21:50);-0.7;25 (14:30);18 (14:50);3.8;0.0;0.6;3.2
Vitoria Gasteiz Aeropuerto;Araba/Álava;3.2 (13:10);-1.4 (02:10);0.9;24 (13:40);17 (13:40);1.6;1.2;0.4;0.0
Labastida;Araba/Álava;2.5 (16:00);-0.7 (02:40);0.9;29 (18:10);15 (17:40);1.0;0.8;0.2;0.0
Leza;Araba/Álava;2.3 (14:40);-0.7 (06:20);0.8;;;2.2;0.0;0.2;2.0
Campezo/Kanpezu;Araba/Álava;2.6 (13:40);-2.9 (23:59);-0.2;;;0.8;0.0;0.8;0.0
Cabrales;Asturias;6.1 (15:20);-1.0 (06:20);2.5;;;;;;
Llanes;Asturias;10.3 (14:40);4.0 (04:50);7.2;50 (04:40);21 (04:10);0.6;0.4;0.0;0.2
Amieva, Panizales;Asturias;8.0 (15:40);-0.7 (02:50);3.7;15 (21:00);6 (17:00);12.0;0.2;5.0;6.8
Piloña;Asturias;8.4 (15:30);-0.3 (05:40);4.0;20 (14:10);11 (14:20);6.0;0.2;1.8;4.0
Colunga;Asturias;11.0 (16:30);2.5 (01:30);6.8;25 (13:20);14 (03:00);1.2;0.4;0.6;0.0
Gijón, Campus;Asturias;10.2 (13:20);1.4 (23:30);5.8;21 (13:00);11 (14:00);0.2;0.0;0.2;0.0
Cabo Peñas;Asturias;9.2 (14:50);2.4 (04:20);5.8;31 (07:10);23 (07:30);0.1;0.0;0.0;0.1
Asturias Aeropuerto;Asturias;10.7 (15:20);1.4 (02:00);6.0;35 (13:30);19 (03:10);1.1;0.8;0.3;0.0
Puerto de Pajares;Asturias;-3.1 (16:30);-4.3 (20:40);-3.7;;;;;;
Pola de Lena;Asturias;7.2 (14:50);-1.7 (07:40);2.7;10 (17:10);7 (17:00);2.6;0.0;1.4;1.2
Aller;Asturias;4.3 (14:30);-3.2 (23:00);0.6;12 (20:20);8 (20:40);3.0;0.2;0.2;0.4
Mieres;Asturias;10.8 (16:10);0.9 (07:20);5.9;17 (21:20);8 (21:10);0.2;0.2;0.0;0.0
Oviedo;Asturias;;;;;;;;;0.0
Tineo, Soto de la Barca;Asturias;6.5 (15:40);-0.1 (05:20);3.2;9 (16:00);6 (16:00);1.4;0.0;1.4;0.0
Pola de Somiedo;Asturias;6.3 (15:10);-3.0 (06:50);1.7;8 (13:40);5 (15:20);0.6;0.4;0.2;0.0
Salas;Asturias;8.5 (16:00);-0.5 (01:20);4.0;26 (14:20);15 (14:50);0.2;0.2;0.0;0.0
Cabo Busto;Asturias;11.1 (16:40);2.2 (04:00);6.7;31 (04:20);23 (04:10);0.4;0.4;0.0;0.0
Degaña;Asturias;0.7 (15:50);-5.8 (08:00);-2.6;23 (02:10);8 (02:20);;;;
Ibias, San Antolin;Asturias;3.8 (16:10);-3.6 (06:00);0.1;17 (23:00);11 (23:00);0.2;0.0;0.2;0.0
Villayón, Oneta;Asturias;7.2 (15:10);0.2 (02:10);3.7;26 (23:59);14 (13:40);;;;
Castropol;Asturias;11.0 (14:10);0.8 (04:00);5.9;36 (23:20);18 (23:10);0.8;0.8;0.0;0.0
Taramundi, Ouria;Asturias;8.1 (15:40);-0.3 (03:40);3.9;41 (23:30);26 (23:30);0.4;0.0;0.4;0.0
Puerto de Leitariegos;Asturias;;;;35 (01:00);18 (12:10);;;;
Muñotello;Ávila;1.6 (13:40);-8.1 (03:50);-3.3;17 (22:00);13 (22:00);0.0;0.0;0.0;0.0
Ávila;Ávila;0.4 (14:00);-8.9 (01:40);-4.2;22 (14:20);13 (15:20);0.0;0.0;0.0;0.0
Gotarrendura;Ávila;1.8 (13:50);-9.0 (04:00);-3.6;17 (14:00);10 (14:00);0.0;0.0;0.0;0.0
Arevalo;Ávila;2.8 (16:00);-5.7 (07:00);-1.4;18 (12:50);10 (13:30);0.0;0.0;0.0;0.0
Rivilla de Barajas;Ávila;2.0 (17:10);-5.7 (07:50);-1.8;14 (15:30);9 (00:10);0.0;0.0;0.0;0.0
Navarredonda de Gredos;Ávila;;;;;9 (11:40);;;;
Barco de Avila;Ávila;3.2 (15:10);-11.1 (08:50);-4.0;19 (22:30);13 (22:30);0.0;0.0;0.0;0.0
Puerto El Pico;Ávila;;;;;;;;;
Cebreros;Ávila;4.4 (14:20);-2.9 (07:20);0.8;41 (10:10);20 (10:30);0.0;0.0;0.0;0.0
Candeleda;Ávila;9.9 (16:10);-3.1 (08:30);3.4;15 (15:50);9 (10:50);0.0;0.0;0.0;0.0
Herrera del Duque;Badajoz;10.1 (17:50);-2.3 (08:40);3.9;;;0.0;0.0;0.0;0.0
Peraleda del Zaucejo;Badajoz;7.9 (15:50);-0.6 (08:30);3.7;37 (11:00);26 (12:10);0.0;0.0;0.0;0.0
Castuera;Badajoz;8.4 (16:30);0.6 (07:30);4.5;27 (04:20);13 (14:50);0.0;0.0;0.0;0.0
Navalvillar de Pela;Badajoz;10.3 (16:30);-1.5 (07:20);4.4;21 (12:20);13 (11:20);0.0;0.0;0.0;0.0
Don Benito;Badajoz;10.8 (16:40);-0.5 (09:10);5.2;22 (12:50);10 (13:10);0.0;0.0;0.0;0.0
Llerena;Badajoz;7.2 (15:10);-2.6 (08:40);2.3;40 (12:20);26 (11:50);0.0;0.0;0.0;0.0
Villafranca de los Barros;Badajoz;8.8 (15:20);-6.2 (06:20);1.3;30 (14:20);19 (12:30);0.0;0.0;0.0;0.0
Mérida;Badajoz;13.2 (16:00);-4.3 (07:50);4.4;20 (16:20);10 (16:20);0.0;0.0;0.0;0.0
Zafra;Badajoz;9.1 (15:30);-3.6 (03:10);2.8;32 (15:40);16 (15:30);0.0;0.0;0.0;0.0
Almendralejo;Badajoz;9.3 (16:00);-1.1 (07:40);4.1;30 (17:40);17 (13:40);0.0;0.0;0.0;0.0
Badajoz Aeropuerto;Badajoz;11.3 (15:20);-1.5 (09:00);4.9;28 (16:30);17 (17:10);0.0;0.0;0.0;0.0
Alburquerque;Badajoz;10.3 (16:30);-0.8 (07:50);4.8;26 (17:10);14 (03:30);0.0;0.0;0.0;0.0
Puebla de Obando;Badajoz;9.2 (15:50);-0.8 (08:20);4.2;25 (03:10);17 (03:10);0.0;0.0;0.0;0.0
Badajoz;Badajoz;12.5 (15:30);-3.3 (08:50);4.6;27 (13:40);16 (00:10);0.0;0.0;0.0;0.0
Olivenza;Badajoz;10.0 (16:40);-2.3 (06:30);3.9;30 (17:30);19 (15:50);0.0;0.0;0.0;0.0
Alconchel;Badajoz;10.7 (16:30);-0.2 (08:00);5.2;31 (10:30);20 (05:30);0.0;0.0;0.0;0.0
Barcarrota;Badajoz;;;;;;;;;
Villanueva del Fresno;Badajoz;10.4 (16:00);0.2 (07:40);5.3;36 (13:40);23 (12:40);0.0;0.0;0.0;0.0
Monesterio;Badajoz;5.8 (15:30);-2.2 (08:20);1.8;31 (11:50);19 (10:50);0.0;0.0;0.0;0.0
Fuente de Cantos;Badajoz;7.3 (16:40);-2.9 (05:30);2.2;37 (16:10);27 (11:00);0.0;0.0;0.0;0.0
Jerez de los Caballeros;Badajoz;9.4 (15:50);-1.1 (07:50);4.1;48 (11:20);36 (11:20);0.0;0.0;0.0;0.0
Fregenal de la Sierra;Badajoz;7.5 (15:20);-2.1 (23:40);2.7;37 (11:30);20 (12:30);0.0;0.0;0.0;0.0
Azuaga;Badajoz;7.6 (16:10);-2.4 (07:20);2.6;42 (10:30);23 (10:30);0.0;0.0;0.0;0.0
Pontons;Barcelona;4.7 (13:40);-4.0 (06:20);0.3;28 (11:40);17 (11:40);0.0;0.0;0.0;0.0
Vilafranca del Penedès;Barcelona;8.5 (14:40);-1.0 (07:30);3.8;23 (12:00);14 (12:00);0.4;0.0;0.0;0.0
Sitges;Barcelona;9.2 (12:00);2.3 (07:10);5.7;31 (15:20);14 (01:50);;;;
Barcelona Aeropuerto;Barcelona;8.9 (13:10);2.4 (08:20);5.6;33 (08:30);27 (13:20);0.3;0.0;0.0;0.0
Berga;Barcelona;5.0 (16:30);-4.5 (08:00);0.3;17 (04:40);12 (11:10);0.0;0.0;0.0;0.0
Balsareny;Barcelona;7.3 (16:30);-6.1 (07:10);0.6;21 (17:50);15 (17:50);0.0;0.0;0.0;0.0
Prats de Lluçanès;Barcelona;4.8 (14:20);-5.6 (07:10);-0.4;14 (15:00);7 (15:00);0.0;0.0;0.0;0.0
Moià;Barcelona;3.2 (14:20);-4.8 (07:20);-0.8;16 (12:00);9 (12:00);0.0;0.0;0.0;0.0
Manresa;Barcelona;7.8 (15:40);-3.6 (08:20);2.1;22 (16:50);13 (16:40);0.0;0.0;0.0;0.0
Monistrol de Montserrat;Barcelona;3.0 (14:50);-3.9 (07:10);-0.5;;;0.0;0.0;0.0;0.0
Igualada;Barcelona;7.4 (14:20);-2.0 (05:30);2.7;19 (13:00);8 (18:00);0.0;0.0;0.0;0.0
Corbera, Pic d'Agulles;Barcelona;6.4 (14:30);-2.8 (08:00);1.8;;;0.0;0.0;0.0;0.0
Barcelona;Barcelona;6.1 (00:00);1.1 (13:50);3.6;36 (13:20);22 (17:50);37.8;2.5;0.4;32.3
Barcelona, Museo Marítimo;Barcelona;6.8 (01:00);3.3 (14:10);5.1;19 (18:30);7 (08:50);6.8;0.4;1.2;5.2
Caldes de Montbui;Barcelona;6.9 (11:40);-1.7 (05:10);2.6;18 (13:50);13 (22:20);0.0;0.0;0.0;0.0
Vilassar de Dalt;Barcelona;6.8 (12:10);3.2 (23:20);5.0;26 (09:40);15 (09:40);2.6;0.0;0.8;1.8
Arenys de Mar;Barcelona;6.8 (17:10);1.8 (23:59);4.3;21 (09:50);11 (09:50);3.3;0.0;3.3;0.0
Santa Susanna;Barcelona;4.4 (00:10);-1.0 (23:50);1.7;21 (12:00);9 (21:50);;;;
Fogars de Montclús;Barcelona;0.6 (13:20);-3.7 (23:40);-1.6;;;0.6;0.0;0.4;0.2
Tona;Barcelona;3.2 (16:10);-4.4 (07:30);-0.6;17 (17:00);7 (14:10);;;;
Sant Julià  de Vilatorta;Barcelona;3.0 (14:50);-5.0 (07:40);-1.0;15 (15:00);8 (15:00);0.0;0.0;0.0;0.0
Lekeitio;Bizkaia;8.1 (16:50);1.4 (23:59);4.8;57 (01:40);42 (01:50);5.8;2.0;3.7;0.1
Forua;Bizkaia;6.1 (16:50);0.1 (23:59);3.1;20 (13:30);12 (06:20);14.2;6.2;7.4;0.6
Machichaco;Bizkaia;6.9 (15:40);3.4 (21:00);5.2;60 (03:20);40 (03:30);6.0;1.4;3.6;1.0
Punta Galea;Bizkaia;5.6 (11:20);1.7 (05:40);3.6;42 (01:10);22 (08:20);15.2;10.3;2.0;2.9
Orozko;Bizkaia;4.4 (16:30);-0.5 (23:59);2.0;6 (16:40);3 (16:40);12.4;0.2;1.0;9.4
Abadiño;Bizkaia;2.0 (15:40);-2.1 (23:59);0.0;;;12.2;6.0;6.2;0.0
Amorebieta--Etxano;Bizkaia;5.7 (17:30);0.4 (10:30);3.0;23 (04:00);16 (04:00);10.8;3.6;6.8;0.4
Balmaseda;Bizkaia;4.8 (14:00);0.5 (01:20);2.7;;;9.0;2.6;4.4;2.0
Güeñes;Bizkaia;3.6 (16:40);0.0 (07:30);1.8;26 (00:20);14 (00:20);13.0;3.5;5.8;3.1
Bilbao Aeropuerto;Bizkaia;6.6 (15:00);0.7 (04:50);3.6;18 (01:00);13 (15:10);10.1;7.7;1.4;1.0
Sopuerta;Bizkaia;5.4 (16:10);0.4 (06:30);2.9;14 (01:20);6 (00:10);14.8;1.6;7.8;4.0
Coruña del Conde;Burgos;2.1 (14:50);-5.6 (02:50);-1.8;41 (11:00);28 (13:10);0.0;0.0;0.0;0.0
Aranda de Duero;Burgos;3.7 (14:20);-5.7 (23:50);-1.0;30 (12:20);15 (12:40);0.0;0.0;0.0;0.0
Pedrosa del Príncipe;Burgos;4.8 (15:40);-6.8 (23:59);-1.0;27 (15:40);19 (13:10);0.0;0.0;0.0;0.0
Palacios de la Sierra;Burgos;2.0 (13:20);-4.8 (23:50);-1.4;39 (13:30);24 (13:30);0.0;0.0;0.0;0.0
Monterrubio de la Demanda;Burgos;-0.3 (15:00);-5.5 (23:59);-2.9;29 (10:30);15 (10:40);0.2;0.0;0.0;0.2
Villamayor de los Montes;Burgos;2.0 (13:30);-3.9 (06:50);-1.0;35 (15:10);21 (15:20);0.0;0.0;0.0;0.0
Burgos Aeropuerto;Burgos;2.9 (14:00);-4.8 (23:59);-1.0;30 (14:40);22 (15:20);0.0;0.0;0.0;0.0
Santa Gadea de Alfoz;Burgos;-0.3 (15:30);-4.3 (06:00);-2.3;;;1.8;0.0;0.0;1.6
Sargentes de la Lora;Burgos;3.2 (16:20);-7.2 (23:50);-2.0;33 (03:50);23 (00:50);0.0;0.0;0.0;0.0
Briviesca;Burgos;3.1 (16:20);-2.5 (01:30);0.3;21 (12:00);14 (14:20);0.4;0.0;0.2;0.2
Medina de Pomar;Burgos;4.6 (14:10);-3.5 (08:30);0.5;24 (15:40);13 (14:40);0.4;0.2;0.2;0.0
Miranda de Ebro;Burgos;4.1 (15:50);-1.0 (23:59);1.5;19 (12:50);13 (12:50);0.0;0.0;0.0;0.0
Belorado;Burgos;1.6 (15:20);-2.8 (01:50);-0.6;18 (13:00);11 (14:20);0.0;0.0;0.0;0.0
Puerto Rey;Cáceres;8.8 (14:40);-1.2 (08:40);3.8;;;0.0;0.0;0.0;0.0
Navalvillar de Ibor;Cáceres;5.4 (15:30);-2.2 (23:59);1.6;36 (07:40);12 (01:00);0.0;0.0;0.0;0.0
Madrigal de la Vera;Cáceres;9.5 (15:50);-1.9 (05:30);3.8;18 (13:20);8 (13:00);0.0;0.0;0.0;0.0
Navalmoral de la Mata;Cáceres;10.7 (16:40);-5.6 (08:00);2.5;18 (13:40);9 (23:30);0.0;0.0;0.0;0.0
Garganta de la Olla;Cáceres;6.7 (15:50);-1.8 (05:10);2.4;24 (13:50);13 (13:40);0.0;0.0;0.0;0.0
Serradilla;Cáceres;8.9 (15:30);-0.2 (08:30);4.3;26 (20:50);14 (20:40);0.0;0.0;0.0;0.0
Jaraicejo;Cáceres;8.1 (16:10);-2.6 (07:40);2.8;30 (13:00);17 (12:40);0.0;0.0;0.0;0.0
Trujillo;Cáceres;8.6 (15:10);-2.1 (06:50);3.3;24 (13:10);14 (16:10);0.0;0.0;0.0;0.0
Cáceres;Cáceres;8.9 (17:10);-2.4 (06:30);3.2;22 (15:10);13 (13:30);0.0;0.0;0.0;0.0
Cañaveral;Cáceres;9.2 (17:00);1.5 (07:50);5.3;28 (03:30);19 (03:30);0.0;0.0;0.0;0.0
Nuñomoral;Cáceres;8.6 (16:20);-4.2 (08:30);2.2;35 (11:50);18 (11:50);0.0;0.0;0.0;0.0
Guijo de Granadilla;Cáceres;8.8 (14:50);0.8 (07:20);4.8;36 (13:40);20 (13:20);0.0;0.0;0.0;0.0
Hervás;Cáceres;6.9 (13:30);-3.6 (08:30);1.7;29 (16:50);17 (17:00);0.0;0.0;0.0;0.0
Montehermoso;Cáceres;10.2 (16:10);0.6 (09:00);5.4;30 (13:20);16 (10:50);0.0;0.0;0.0;0.0
Tornavacas;Cáceres;2.8 (16:10);-4.1 (06:30);-0.6;39 (08:20);26 (08:10);0.0;0.0;0.0;0.0
Piornal;Cáceres;4.5 (16:00);-6.2 (08:50);-0.8;39 (14:20);16 (00:40);0.0;0.0;0.0;0.0
Plasencia;Cáceres;10.2 (16:10);-0.1 (07:30);5.0;30 (17:20);12 (18:10);0.0;0.0;0.0;0.0
Coria;Cáceres;11.3 (16:30);0.1 (06:40);5.7;35 (12:50);16 (11:40);0.0;0.0;0.0;0.0
Hoyos;Cáceres;8.4 (14:30);-0.6 (07:40);3.9;33 (15:10);18 (08:40);0.0;0.0;0.0;0.0
Zarza La Mayor;Cáceres;10.3 (16:30);0.4 (05:50);5.4;30 (12:40);18 (11:50);0.0;0.0;0.0;0.0
Valverde del Fresno;Cáceres;8.7 (14:40);0.7 (07:40);4.7;44 (05:50);26 (05:10);0.0;0.0;0.0;0.0
Aliseda;Cáceres;9.6 (16:40);-3.1 (07:40);3.3;25 (16:40);13 (14:30);0.0;0.0;0.0;0.0
Brozas;Cáceres;8.6 (16:40);-1.3 (08:10);3.7;26 (15:40);18 (05:40);0.0;0.0;0.0;0.0
Valencia de Alcántara;Cáceres;8.9 (16:20);-4.5 (07:40);2.2;33 (14:10);18 (14:10);0.0;0.0;0.0;0.0
Guadalupe;Cáceres;8.3 (15:20);-1.4 (03:20);3.5;23 (13:00);12 (13:00);0.0;0.0;0.0;0.0
Cañamero;Cáceres;8.5 (16:20);-0.4 (05:00);4.0;19 (11:10);11 (17:10);0.0;0.0;0.0;0.0
Zorita;Cáceres;9.6 (16:40);-0.3 (08:30);4.7;31 (18:00);24 (17:50);0.0;0.0;0.0;0.0
Alcuescar;Cáceres;8.7 (16:30);-3.1 (06:10);2.8;26 (13:40);14 (14:10);0.0;0.0;0.0;0.0
Chipiona;Cádiz;14.0 (16:10);3.9 (08:00);9.0;41 (10:40);24 (11:00);0.0;0.0;0.0;0.0
Rota, Base Naval;Cádiz;13.6 (16:20);3.0 (08:00);8.3;;;0.0;0.0;0.0;0.0
Grazalema;Cádiz;8.1 (13:00);-2.0 (05:20);3.1;17 (17:20);8 (07:20);0.0;0.0;0.0;0.0
Olvera;Cádiz;10.9 (14:00);0.9 (06:40);5.9;21 (16:40);12 (12:20);0.0;0.0;0.0;0.0
El Bosque;Cádiz;13.3 (16:50);0.4 (07:10);6.9;26 (18:00);15 (18:00);0.0;0.0;0.0;0.0
San José del Valle;Cádiz;14.2 (14:00);2.7 (08:30);8.4;25 (22:20);12 (17:00);0.0;0.0;0.0;0.0
Jerez de la Frontera Aeropuerto;Cádiz;14.6 (15:50);2.1 (07:30);8.4;35 (02:40);26 (02:50);0.0;0.0;0.0;0.0
San Fernando;Cádiz;14.4 (15:40);4.4 (08:30);9.4;26 (06:30);13 (07:30);0.0;0.0;0.0;0.0
Cádiz;Cádiz;13.3 (16:20);4.8 (09:00);9.1;38 (06:20);29 (06:20);0.0;0.0;0.0;0.0
Medina Sidonia;Cádiz;14.4 (14:00);2.1 (07:00);8.2;21 (13:10);10 (14:10);0.0;0.0;0.0;0.0
Vejer de la Frontera;Cádiz;14.4 (14:10);5.9 (08:40);10.1;23 (23:00);10 (21:10);0.0;0.0;0.0;0.0
Barbate;Cádiz;15.7 (15:30);3.1 (06:30);9.4;21 (09:40);16 (08:10);0.0;0.0;0.0;0.0
Tarifa;Cádiz;11.9 (14:30);6.8 (23:59);9.3;35 (03:00);21 (03:00);1.6;0.0;1.4;0.2
Jimena de la Frontera;Cádiz;15.5 (14:50);1.6 (04:00);8.6;31 (13:10);19 (13:20);0.0;0.0;0.0;0.0
San Roque;Cádiz;15.1 (14:40);5.1 (06:20);10.1;32 (12:00);23 (04:40);0.0;0.0;0.0;0.0
Castro Urdiales;Cantabria;8.9 (15:10);2.5 (23:59);5.7;32 (01:50);19 (01:00);9.3;2.2;3.2;2.9
Ramales de la Victoria;Cantabria;7.7 (14:40);-0.5 (23:59);3.6;28 (14:50);15 (15:00);6.8;6.4;0.4;0.0
Barcena de Cicero, Treto;Cantabria;7.6 (14:30);1.6 (23:50);4.6;30 (15:50);17 (15:50);5.2;2.2;1.4;1.6
Soba, Alto Miera;Cantabria;1.0 (12:20);-1.2 (03:00);-0.1;18 (13:40);11 (13:40);;;;
Santander Aeropuerto;Cantabria;8.1 (16:50);2.8 (02:40);5.5;33 (13:00);24 (13:00);5.8;3.6;1.4;0.8
Santander;Cantabria;8.1 (14:30);3.5 (00:20);5.8;37 (01:10);27 (01:10);1.0;0.0;0.0;1.0
Villacarriedo;Cantabria;5.5 (13:20);0.0 (00:50);2.8;19 (15:00);11 (15:00);0.6;0.2;0.4;0.0
Los Tojos, Bárcena Mayor;Cantabria;5.6 (16:10);-1.7 (23:59);1.9;20 (03:50);7 (03:40);4.4;4.4;0.0;0.0
San Felices de Buelna;Cantabria;8.6 (15:30);0.1 (05:10);4.4;19 (09:40);12 (08:20);1.6;0.6;1.0;0.0
Torrelavega, Sierrapando;Cantabria;7.4 (15:00);1.5 (02:00);4.5;35 (15:20);22 (15:20);2.2;0.8;1.4;0.0
San Vicente de la Barquera;Cantabria;7.8 (14:20);1.9 (00:50);4.9;39 (16:10);27 (16:10);2.5;2.3;0.2;0.0
Camaleño, Fuente De;Cantabria;5.3 (15:30);-5.9 (23:10);-0.3;;;;;0.8;0.0
Cillórigo de Liébana, Tama;Cantabria;7.8 (17:20);-1.0 (23:59);3.4;13 (18:10);9 (20:10);0.4;0.4;0.0;0.0
Tresviso;Cantabria;1.4 (14:40);-2.5 (03:50);-0.6;32 (01:00);24 (08:30);;;;
Santillana del Mar, Altamira;Cantabria;7.9 (14:50);1.1 (00:00);4.5;29 (01:10);15 (15:10);4.8;1.2;3.4;0.2
Reinosa;Cantabria;1.3 (16:40);-12.0 (23:59);-5.4;30 (04:00);19 (01:50);0.7;0.6;0.0;0.1
Alto Campoo;Cantabria;-5.0 (14:20);-8.3 (06:00);-6.7;70 (01:00);33 (17:00);;;;
Valderredible, Cubillo de Ebro;Cantabria;3.2 (15:50);-6.9 (23:50);-1.9;22 (15:00);12 (15:10);0.0;0.0;0.0;0.0
Valderredible, Polientes;Cantabria;4.2 (16:10);-5.3 (07:00);-0.6;17 (16:40);8 (17:20);0.0;0.0;0.0;0.0
Segorbe;Castelló/Castellón;9.0 (13:40);1.1 (05:10);5.1;40 (10:20);22 (10:30);0.0;0.0;0.0;0.0
Montanejos;Castelló/Castellón;5.6 (14:30);0.0 (04:20);2.8;46 (12:00);29 (12:00);0.0;0.0;0.0;0.0
Villafranca del Cid/Vilafranca;Castelló/Castellón;1.0 (14:10);-5.2 (02:00);-2.1;67 (06:40);44 (06:10);0.0;0.0;0.0;0.0
Atzeneta del Maestrat;Castelló/Castellón;8.0 (13:00);-0.9 (07:00);3.6;46 (10:00);23 (10:00);0.0;0.0;0.0;0.0
Castellón - Almassora;Castelló/Castellón;12.7 (13:30);2.0 (06:00);7.3;31 (12:40);17 (01:30);0.0;0.0;0.0;0.0
Torreblanca;Castelló/Castellón;10.8 (14:30);1.6 (01:50);6.2;41 (11:20);23 (12:40);0.0;0.0;0.0;0.0
La Pobla de Benifassà-Fredes;Castelló/Castellón;-2.4 (12:00);-5.8 (22:40);-4.1;86 (06:50);52 (07:20);0.0;0.0;0.0;0.0
Vinaròs;Castelló/Castellón;11.8 (13:50);0.7 (04:10);6.3;37 (14:10);21 (14:30);0.0;0.0;0.0;0.0
Morella;Castelló/Castellón;-0.2 (13:10);-4.1 (06:20);-2.1;57 (12:50);33 (07:30);0.0;0.0;0.0;0.0
Castellfort;Castelló/Castellón;-1.4 (13:20);-5.0 (02:50);-3.2;;;0.1;0.0;0.0;0.0
Ceuta;Ceuta;11.6 (14:20);7.2 (00:00);9.4;29 (11:20);17 (11:20);8.4;1.4;2.4;4.6
Alcazar de San Juan;Ciudad Real;5.5 (14:20);-4.6 (08:00);0.5;29 (12:50);16 (13:40);0.0;0.0;0.0;0.0
Tomelloso;Ciudad Real;4.9 (15:20);-6.4 (08:20);-0.8;40 (15:20);27 (14:50);0.0;0.0;0.0;0.0
Ciudad Real;Ciudad Real;6.7 (15:40);-4.0 (08:00);1.3;37 (12:30);20 (12:40);0.0;0.0;0.0;0.0
Villanueva de los Infantes;Ciudad Real;2.1 (16:30);-5.8 (08:30);-1.9;44 (01:40);32 (01:40);0.0;0.0;0.0;0.0
Valdepeñas;Ciudad Real;5.3 (16:20);-4.5 (08:30);0.4;30 (16:00);14 (15:00);0.0;0.0;0.0;0.0
Viso del Marqués;Ciudad Real;4.0 (16:00);-4.1 (08:40);0.0;26 (16:10);16 (16:00);0.0;0.0;0.0;0.0
Puebla de Don Rodrigo;Ciudad Real;9.7 (16:40);-4.7 (08:00);2.5;33 (13:10);20 (12:50);0.7;0.2;0.4;0.1
Almadén;Ciudad Real;9.1 (16:50);-1.3 (08:00);3.9;32 (11:40);17 (11:40);0.0;0.0;0.0;0.0
Puertollano;Ciudad Real;6.1 (17:10);-1.5 (23:59);2.3;31 (08:30);15 (12:40);0.0;0.0;0.0;0.0
Fuencaliente;Ciudad Real;7.1 (15:20);-3.1 (23:59);2.0;39 (08:30);19 (09:40);0.0;0.0;0.0;0.0
Valsequillo;Córdoba;7.9 (16:50);-3.6 (23:50);2.2;36 (11:40);21 (11:40);0.0;0.0;0.0;0.0
Hinojosa del Duque;Córdoba;7.7 (16:50);-2.5 (23:59);2.6;35 (11:30);23 (11:10);0.0;0.0;0.0;0.0
Cardeña;Córdoba;10.2 (14:30);-1.4 (23:59);4.4;;;0.0;0.0;0.0;0.0
Montoro;Córdoba;13.4 (15:30);-2.5 (06:00);5.4;24 (16:40);13 (16:40);0.0;0.0;0.0;0.0
Villanueva de Córdoba;Córdoba;7.3 (15:10);-3.3 (07:10);2.0;27 (17:00);14 (10:20);0.0;0.0;0.0;0.0
Córdoba, Embalse de Guadanuño;Córdoba;11.2 (14:50);-0.9 (23:40);5.1;26 (09:40);14 (09:40);0.0;0.0;0.0;0.0
Córdoba Aeropuerto;Córdoba;14.6 (16:30);-0.5 (07:50);7.1;28 (10:50);20 (11:00);0.0;0.0;0.0;0.0
Priego de Cordoba;Córdoba;9.5 (14:30);-3.3 (07:50);3.1;31 (15:10);17 (16:20);0.0;0.0;0.0;0.0
Doña Mencía;Córdoba;9.3 (14:50);-1.2 (08:30);4.1;28 (22:30);23 (08:40);0.0;0.0;0.0;0.0
Córdoba, Prágdena;Córdoba;11.4 (17:00);-0.4 (07:20);5.5;33 (12:20);21 (11:20);0.0;0.0;0.0;0.0
Espiel;Córdoba;10.1 (16:20);-4.1 (08:10);3.0;27 (14:50);12 (15:40);0.0;0.0;0.0;0.0
Fuente Palmera;Córdoba;13.3 (16:50);0.0 (07:40);6.7;27 (11:00);15 (12:20);0.0;0.0;0.0;0.0
Benamejí;Córdoba;11.0 (15:50);0.4 (07:10);5.7;22 (16:40);14 (16:40);0.0;0.0;0.0;0.0
Aguilar de la Frontera;Córdoba;11.2 (16:20);-0.9 (08:10);5.1;28 (11:20);18 (11:40);0.0;0.0;0.0;0.0
La Rambla;Córdoba;12.2 (16:40);-0.5 (06:10);5.8;39 (10:40);27 (11:50);0.0;0.0;0.0;0.0
Beteta;Cuenca;-0.9 (15:30);-8.7 (05:20);-4.8;;;0.0;0.0;0.0;0.0
Tarancón;Cuenca;4.6 (15:20);-4.5 (05:40);0.0;37 (15:30);23 (15:30);0.0;0.0;0.0;0.0
Alcázar del Rey;Cuenca;3.1 (15:00);-6.4 (09:00);-1.7;37 (03:40);22 (03:50);0.0;0.0;0.0;0.0
Abia de Obispalia;Cuenca;4.2 (12:50);-6.6 (04:40);-1.2;32 (12:50);18 (13:10);0.0;0.0;0.0;0.0
Villares del Saz;Cuenca;3.7 (14:20);-6.3 (05:40);-1.3;;;0.0;0.0;0.0;0.0
Alberca de Zancara;Cuenca;2.7 (13:00);-6.7 (07:00);-2.0;25 (14:50);13 (14:40);1.8;0.0;0.0;1.8
San Clemente;Cuenca;;;;;;;;;
Osa de la Vega;Cuenca;2.9 (16:50);-7.2 (06:20);-2.1;30 (15:40);18 (15:40);0.0;0.0;0.0;0.0
Belmonte;Cuenca;4.0 (14:50);-6.0 (05:30);-1.0;28 (16:20);13 (17:20);0.0;0.0;0.0;0.0
Cuenca;Cuenca;3.9 (12:20);-6.4 (05:30);-1.3;29 (14:00);11 (14:00);0.0;0.0;0.0;0.0
Motilla del Palancar;Cuenca;5.6 (16:10);-5.7 (07:10);0.0;27 (18:10);15 (16:50);0.0;0.0;0.0;0.0
Salvacañete;Cuenca;1.2 (13:50);-10.1 (03:10);-4.5;29 (13:50);12 (13:50);0.0;0.0;0.0;0.0
Mira;Cuenca;5.3 (14:00);-4.0 (23:59);0.7;;;0.0;0.0;0.0;0.0
Irún;Gipuzkoa;5.4 (16:30);1.3 (08:40);3.4;29 (00:30);13 (00:30);1.4;1.2;0.0;0.0
San Sebastián Aeropuerto;Gipuzkoa;6.7 (16:00);0.9 (23:30);3.8;30 (00:20);21 (01:20);1.2;1.2;0.0;0.0
Renteria;Gipuzkoa;5.9 (17:50);-0.2 (23:59);2.9;11 (04:40);5 (14:30);2.8;2.8;0.0;0.0
Segura - Lastala;Gipuzkoa;3.3 (15:20);-0.7 (23:59);1.3;7 (05:30);4 (03:00);8.8;6.8;1.8;0.2
Beasain;Gipuzkoa;3.1 (14:50);-0.1 (23:10);1.5;10 (11:30);6 (15:20);7.6;6.0;1.2;0.2
Ordizia;Gipuzkoa;2.6 (15:40);-0.2 (06:40);1.2;10 (05:30);8 (07:30);6.6;5.8;0.6;0.2
Legazpia;Gipuzkoa;2.2 (14:20);-2.5 (22:20);-0.1;;;6.6;0.0;0.0;6.2
Zumarraga;Gipuzkoa;1.0 (17:40);-2.6 (23:59);-0.8;24 (11:20);12 (11:20);14.2;0.1;1.0;12.7
Azpeitia;Gipuzkoa;4.6 (15:20);0.4 (04:50);2.5;18 (02:50);10 (00:30);7.4;7.0;0.2;0.2
Zumaia;Gipuzkoa;7.7 (14:50);2.7 (23:50);5.2;49 (00:30);31 (00:30);3.9;3.6;0.3;0.0
Aretxabaleta;Gipuzkoa;2.8 (16:20);-0.5 (23:50);1.1;;;9.4;0.0;1.6;7.0
Elgeta;Gipuzkoa;2.1 (16:40);-1.4 (23:59);0.3;18 (14:50);8 (01:00);14.0;0.4;1.6;11.0
Elgoibar;Gipuzkoa;4.2 (17:00);0.0 (04:30);2.1;20 (05:40);9 (05:40);19.3;7.2;6.6;5.4
Mutriku;Gipuzkoa;5.9 (17:10);1.8 (02:30);3.9;40 (04:50);22 (02:50);6.6;5.8;0.6;0.2
Blanes;Girona;4.5 (00:30);1.5 (11:20);3.0;36 (02:30);21 (10:30);3.4;0.0;2.4;1.0
Castell, Platja d'Aro;Girona;5.3 (15:20);-0.7 (23:59);2.3;36 (09:50);17 (10:00);0.0;0.0;0.0;0.0
Sant Pau de Segúries;Girona;2.7 (14:20);-8.6 (06:00);-3.0;15 (15:10);8 (15:10);0.0;0.0;0.0;0.0
Ripoll;Girona;4.8 (14:40);-6.9 (08:00);-1.0;18 (15:00);11 (14:50);0.0;0.0;0.0;0.0
Les Planes d'Hostoles;Girona;5.6 (16:20);-5.1 (07:00);0.3;10 (15:20);6 (16:30);0.0;0.0;0.0;0.0
Sant Hilari;Girona;1.8 (16:00);-5.7 (23:40);-1.9;16 (14:30);9 (14:30);0.0;0.0;0.0;0.0
Girona Aeropuerto;Girona;4.7 (16:00);-2.7 (23:50);1.0;15 (02:20);12 (06:50);0.0;0.0;0.0;0.0
Girona;Girona;6.3 (16:10);-1.6 (06:50);2.4;12 (00:20);6 (20:20);0.0;0.0;0.0;0.0
Porqueres;Girona;6.8 (16:20);-3.4 (23:50);1.7;14 (20:50);9 (20:50);0.0;0.0;0.0;0.0
L'Estartit;Girona;7.3 (16:10);0.8 (23:59);4.1;28 (12:40);12 (12:20);0.0;0.0;0.0;0.0
La Vall de Bianya;Girona;6.4 (15:30);-5.0 (07:40);0.7;18 (15:40);9 (15:50);0.0;0.0;0.0;0.0
Castelló d'Empúries;Girona;8.4 (15:50);-1.3 (23:59);3.5;40 (12:30);23 (12:10);0.0;0.0;0.0;0.0
Maçanet de Cabrenys;Girona;5.9 (15:30);-4.2 (07:40);0.9;34 (15:00);15 (14:00);0.0;0.0;0.0;0.0
Espolla;Girona;;;;;;;;;
Figueres;Girona;7.6 (15:10);2.3 (23:50);4.9;48 (11:20);21 (10:30);0.0;0.0;0.0;0.0
La Molina;Girona;-3.6 (15:20);-13.5 (07:10);-8.5;18 (11:00);10 (21:10);0.0;0.0;0.0;0.0
Baza;Granada;9.5 (15:10);-2.3 (07:30);3.6;31 (21:30);18 (21:40);0.0;0.0;0.0;0.0
Dólar;Granada;6.1 (15:00);-3.5 (06:30);1.3;;;0.2;0.0;0.2;0.0
Granada-Cartuja;Granada;13.0 (16:00);-1.9 (08:20);5.6;19 (16:50);8 (16:40);0.0;0.0;0.0;0.0
Granada Aeropuerto;Granada;13.7 (16:10);-3.1 (08:40);5.3;32 (23:30);18 (23:30);0.0;0.0;0.0;0.0
Loja;Granada;11.9 (14:40);-1.6 (06:50);5.1;26 (00:40);12 (16:40);0.0;0.0;0.0;0.0
Lanjarón;Granada;11.7 (15:00);-0.6 (06:00);5.5;;;0.0;0.0;0.0;0.0
Salobreña;Granada;15.3 (11:50);5.1 (04:40);10.2;31 (05:40);19 (07:50);0.0;0.0;0.0;0.0
Motril;Granada;15.8 (11:00);7.8 (07:30);11.8;27 (12:40);21 (12:40);0.0;0.0;0.0;0.0
Motril, Puerto;Granada;;;;32 (12:40);24 (13:30);0.0;0.0;0.0;0.0
Castell de Ferro;Granada;12.5 (13:20);6.9 (07:00);9.7;24 (15:10);16 (11:30);0.0;0.0;0.0;0.0
Válor;Granada;11.1 (14:10);0.6 (08:10);5.9;;;0.0;0.0;0.0;0.0
Molina de Aragón;Guadalajara;1.6 (13:10);-12.8 (06:10);-5.6;30 (12:40);13 (16:20);0.0;0.0;0.0;0.0
Zaorejas;Guadalajara;-1.0 (14:40);-8.1 (06:10);-4.6;22 (15:40);11 (16:10);0.6;0.0;0.2;0.4
Pastrana;Guadalajara;3.3 (13:20);-6.2 (08:00);-1.4;;;0.0;0.0;0.0;0.0
Pantano el Vado;Guadalajara;2.5 (13:30);-2.9 (04:10);-0.2;48 (16:00);23 (15:10);0.0;0.0;0.0;0.0
Sigüenza;Guadalajara;1.1 (15:50);-11.6 (06:00);-5.3;;;0.0;0.0;0.0;0.0
Mandayona;Guadalajara;1.0 (15:40);-8.3 (06:40);-3.7;;;0.0;0.0;0.0;0.0
Campisábalos;Guadalajara;;;;;;;0.0;0.0;
Guadalajara;Guadalajara;5.6 (14:20);-5.3 (08:20);0.1;26 (15:30);15 (15:10);0.0;0.0;0.0;0.0
Brihuega;Guadalajara;2.3 (14:20);-8.9 (06:40);-3.3;;;0.0;0.0;0.0;0.0
El Pedregal;Guadalajara;0.7 (15:20);-9.3 (03:20);-4.3;37 (13:40);21 (14:10);0.8;0.0;0.2;0.6
Aroche;Huelva;10.5 (16:30);-5.4 (05:00);2.5;44 (13:20);21 (12:50);0.0;0.0;0.0;0.0
El Granado;Huelva;12.8 (16:40);-1.3 (07:10);5.8;;;0.0;0.0;0.0;0.0
Ayamonte;Huelva;14.6 (15:50);3.3 (07:30);9.0;26 (18:40);10 (18:10);0.0;0.0;0.0;0.0
Cartaya;Huelva;14.5 (16:30);3.1 (23:59);8.8;29 (11:30);15 (11:30);0.0;0.0;0.0;0.0
Alajar;Huelva;9.4 (16:00);1.1 (00:50);5.2;57 (10:40);30 (08:20);0.0;0.0;0.0;0.0
Valverde del Camino;Huelva;12.5 (15:40);1.9 (07:20);7.2;;;0.0;0.0;0.0;0.0
El Cerro de Andévalo;Huelva;11.8 (16:50);2.0 (06:30);6.9;;;0.0;0.0;0.0;0.0
Alosno, Tharsis;Huelva;11.1 (15:30);1.4 (08:40);6.3;35 (14:40);21 (15:40);0.0;0.0;0.0;0.0
El Campillo;Huelva;10.3 (15:30);1.5 (03:40);5.9;37 (05:20);21 (04:40);0.0;0.0;0.0;0.0
Villarrasa;Huelva;13.6 (16:50);3.5 (05:20);8.6;28 (09:50);16 (09:50);0.0;0.0;0.0;0.0
Huelva, Ronda Este;Huelva;14.6 (16:10);0.6 (08:30);7.6;31 (23:00);18 (23:00);0.0;0.0;0.0;0.0
Cala;Huelva;8.0 (14:40);0.1 (08:30);4.1;34 (05:30);15 (15:30);0.0;0.0;0.0;0.0
Almonte;Huelva;14.0 (16:20);-0.3 (08:10);6.8;37 (12:20);25 (12:10);0.0;0.0;0.0;0.0
Moguer, El Arenosillo;Huelva;14.4 (16:20);2.4 (08:20);8.4;36 (11:00);20 (11:20);0.0;0.0;0.0;0.0
Canfranc;Huesca;-2.3 (19:30);-5.6 (10:00);-3.9;45 (06:30);14 (00:40);1.8;0.4;0.6;0.8
Jaca;Huesca;3.4 (16:10);-4.7 (23:59);-0.6;44 (13:00);24 (13:00);0.0;0.0;0.0;0.0
Valle de Hecho, Hecho;Huesca;1.2 (19:50);-3.1 (23:20);-0.9;43 (16:30);20 (12:40);0.0;0.0;0.0;0.0
Aragüés del Puerto;Huesca;0.4 (16:10);-4.7 (23:59);-2.1;35 (02:00);19 (20:30);0.0;0.0;0.0;0.0
Bailo;Huesca;4.0 (14:40);-2.1 (23:59);1.0;58 (16:40);43 (16:40);0.0;0.0;0.0;0.0
Biescas;Huesca;1.6 (15:40);-6.9 (00:10);-2.7;31 (05:40);13 (11:40);0.0;0.0;0.0;0.0
Sabiñánigo;Huesca;3.7 (16:20);-7.5 (05:10);-1.9;25 (09:40);14 (09:10);0.0;0.0;0.0;0.0
Almudévar;Huesca;8.3 (14:00);-2.5 (23:20);2.9;47 (14:30);32 (14:00);0.0;0.0;0.0;0.0
Sopeira;Huesca;3.1 (15:40);-6.9 (08:10);-1.9;43 (00:10);32 (00:10);0.0;0.0;0.0;0.0
Benabarre;Huesca;3.5 (14:00);-6.6 (08:00);-1.5;28 (13:50);17 (12:10);0.0;0.0;0.0;0.0
Bielsa;Huesca;1.4 (15:10);-5.3 (04:40);-2.0;40 (15:20);18 (14:30);0.0;0.0;0.0;0.0
Ainsa;Huesca;3.3 (15:30);-6.0 (07:50);-1.4;19 (16:10);11 (20:30);0.0;0.0;0.0;0.0
Torla - Depósito;Huesca;1.6 (13:30);-4.6 (23:40);-1.5;57 (00:50);24 (00:10);0.0;0.0;0.0;0.0
Benasque;Huesca;-0.2 (15:40);-11.9 (05:10);-6.0;39 (00:40);18 (14:00);0.0;0.0;0.0;0.0
Seira;Huesca;0.9 (15:30);-7.8 (07:20);-3.5;18 (00:30);8 (00:30);0.0;0.0;0.0;0.0
Capella;Huesca;4.2 (13:20);-7.3 (07:40);-1.6;19 (14:00);12 (13:50);;;;
Barbastro;Huesca;6.0 (14:20);-6.3 (08:10);-0.2;13 (11:40);8 (01:10);0.0;0.0;0.0;0.0
Sariñena, Depósito agua;Huesca;7.5 (14:30);-2.8 (06:30);2.4;40 (10:30);26 (10:30);0.0;0.0;0.0;0.0
Huesca Aeropuerto;Huesca;7.5 (15:20);-1.9 (00:20);2.8;28 (08:10);18 (16:20);0.0;0.0;0.0;0.0
Huesca;Huesca;7.7 (15:10);-0.9 (03:20);3.4;;;0.0;0.0;0.0;0.0
Lanaja;Huesca;7.4 (14:30);-0.5 (01:10);3.5;47 (09:40);36 (10:50);0.0;0.0;0.0;0.0
Ballobar;Huesca;5.9 (14:00);-3.2 (08:20);1.4;33 (00:10);23 (00:10);0.0;0.0;0.0;0.0
Tamarite de Litera;Huesca;4.9 (14:00);-5.5 (08:10);-0.3;18 (12:10);12 (12:30);0.0;0.0;0.0;0.0
Fraga;Huesca;7.4 (14:00);-2.1 (06:40);2.7;19 (14:30);12 (18:30);0.0;0.0;0.0;0.0
Escorca, Lluc;Illes Balears;7.7 (12:30);-1.3 (22:10);3.2;16 (12:30);4 (12:40);1.0;0.0;0.0;0.0
Banyalbufar;Illes Balears;9.3 (01:20);5.0 (21:00);7.2;39 (22:40);25 (22:50);0.0;0.0;0.0;0.0
Calvià, Es Capdellà;Illes Balears;10.9 (12:50);1.3 (22:30);6.1;29 (11:40);17 (13:20);0.0;0.0;0.0;0.0
Palma, Puerto;Illes Balears;13.2 (13:30);5.0 (23:50);9.1;22 (15:30);9 (15:30);0.0;0.0;0.0;0.0
Palma, Universitat;Illes Balears;11.6 (13:50);-0.4 (23:20);5.6;28 (13:40);14 (13:20);0.0;0.0;0.0;0.0
Sierra de Alfabia, Bunyola;Illes Balears;1.8 (13:10);-2.0 (22:30);-0.1;36 (00:10);27 (00:10);0.0;0.0;0.0;0.0
Marratxí;Illes Balears;11.0 (13:50);2.8 (23:50);6.9;26 (14:40);11 (14:40);0.0;0.0;0.0;0.0
Palma de Mallorca, Aeropuerto;Illes Balears;11.9 (13:20);0.4 (23:50);6.1;;;0.0;0.0;0.0;0.0
Palma de Mallorca, Es Pil Larí;Illes Balears;12.2 (13:10);1.4 (22:10);6.8;;;0.0;0.0;0.0;0.0
Llucmajor, Cap Blanc;Illes Balears;11.5 (13:20);3.3 (22:40);7.4;33 (16:50);16 (16:20);0.0;0.0;0.0;0.0
Llucmajor;Illes Balears;11.4 (13:50);2.4 (21:20);6.9;;;0.0;0.0;0.0;0.0
Porreres;Illes Balears;13.1 (14:30);3.1 (23:30);8.1;22 (14:50);13 (16:30);0.0;0.0;0.0;0.0
Campos, Can Sion;Illes Balears;12.9 (14:30);-1.2 (23:59);5.8;26 (15:40);15 (15:40);0.0;0.0;0.0;0.0
Campos, Salines Llevant;Illes Balears;12.0 (14:30);0.3 (23:10);6.2;28 (15:50);19 (15:50);0.0;0.0;0.0;0.0
Santanyí;Illes Balears;12.4 (15:10);2.6 (22:50);7.5;24 (15:30);13 (16:40);0.0;0.0;0.0;0.0
Portocolom;Illes Balears;13.7 (15:10);5.6 (23:59);9.6;30 (16:20);18 (16:10);0.0;0.0;0.0;0.0
Son Servera;Illes Balears;14.0 (11:40);4.2 (22:20);9.1;21 (16:30);12 (16:30);0.0;0.0;0.0;0.0
Artà;Illes Balears;11.2 (11:50);4.0 (21:50);7.6;;;0.0;0.0;0.0;0.0
Capdepera;Illes Balears;13.0 (09:50);3.9 (23:50);8.5;48 (19:30);40 (19:00);9.0;0.0;0.0;1.6
Artà-Colònia de Sant Pere;Illes Balears;10.6 (11:50);5.3 (21:50);8.0;;;0.0;0.0;0.0;0.0
Muro, S'Albufera;Illes Balears;12.1 (12:00);4.3 (07:30);8.2;;;6.8;0.0;0.0;0.0
Manacor;Illes Balears;11.8 (16:00);3.5 (23:50);7.7;22 (18:10);10 (16:20);0.0;0.0;0.0;0.0
Sineu;Illes Balears;11.3 (15:20);2.6 (08:20);7.0;32 (14:20);12 (12:30);0.0;0.0;0.0;0.0
Santa María del Camí;Illes Balears;11.6 (13:00);0.4 (23:59);6.0;26 (14:40);14 (11:30);0.0;0.0;0.0;0.0
Binissalem;Illes Balears;11.0 (14:30);1.1 (23:59);6.1;25 (13:20);16 (11:40);0.0;0.0;0.0;0.0
Escorca, Son Torrella;Illes Balears;4.5 (14:30);-2.5 (20:40);1.0;;;;;;
Sa Pobla;Illes Balears;13.1 (12:10);3.6 (07:40);8.4;26 (18:00);15 (17:00);0.0;0.0;0.0;0.0
Pollença;Illes Balears;12.4 (13:00);4.3 (04:20);8.3;26 (15:50);13 (16:40);0.0;0.0;0.0;0.0
Port de Pollença;Illes Balears;11.8 (10:10);4.8 (04:50);8.3;30 (17:40);14 (19:50);13.6;0.0;0.2;0.0
Es Mercadal;Illes Balears;8.1 (15:00);4.1 (23:50);6.1;27 (12:20);18 (11:20);6.6;0.4;0.8;3.4
Ciutadella;Illes Balears;10.5 (14:00);5.6 (23:59);8.0;;;3.8;2.0;0.6;1.0
Ciutadella, Cala Galdana;Illes Balears;10.2 (15:50);3.3 (23:59);6.7;24 (07:20);14 (11:50);8.0;1.4;1.2;5.2
Menorca, Aeropuerto;Illes Balears;11.6 (12:40);2.6 (23:40);7.1;26 (18:10);17 (19:20);2.7;1.2;0.3;1.2
Sant Joan de Labritja;Illes Balears;10.8 (12:50);1.4 (22:20);6.1;;;1.6;0.0;0.0;0.0
Ibiza, Aeropuerto;Illes Balears;10.6 (14:10);3.2 (20:30);6.9;39 (13:00);23 (11:30);0.1;0.0;0.0;0.0
Eivissa;Illes Balears;10.8 (10:00);3.0 (22:50);6.9;;;0.6;0.0;0.0;0.0
Formentera;Illes Balears;11.7 (14:10);3.3 (22:10);7.5;26 (11:30);13 (11:30);0.0;0.0;0.0;0.0
Cazorla;Jaén;8.2 (15:50);-0.3 (04:20);3.9;;;0.0;0.0;0.0;0.0
Baeza;Jaén;9.0 (12:10);-0.3 (02:00);4.3;25 (15:20);11 (15:20);0.0;0.0;0.0;0.0
Torres;Jaén;5.2 (16:10);-2.7 (04:00);1.2;;;0.2;0.2;0.0;0.0
Arroyo del Ojanco;Jaén;8.2 (14:00);-1.0 (23:50);3.6;24 (14:40);15 (14:20);0.0;0.0;0.0;0.0
Villanueva del Arzobispo;Jaén;8.2 (14:40);-1.8 (23:59);3.2;28 (15:10);14 (15:10);0.0;0.0;0.0;0.0
Santa Elena;Jaén;4.7 (16:20);-1.8 (09:00);1.4;52 (09:00);26 (09:00);;;;
Jaén;Jaén;8.7 (15:30);-0.7 (06:50);4.0;20 (00:10);10 (00:10);0.0;0.0;0.0;0.0
Linares;Jaén;7.9 (14:50);1.1 (09:00);4.5;23 (15:10);13 (18:10);0.0;0.0;0.0;0.0
Bailén;Jaén;13.4 (15:10);1.0 (01:40);7.2;21 (18:00);11 (18:40);0.0;0.0;0.0;0.0
Andújar;Jaén;12.6 (14:40);-1.9 (04:20);5.4;23 (12:00);13 (11:30);0.0;0.0;0.0;0.0
Alcalá La Real;Jaén;7.9 (14:30);-2.2 (02:20);2.9;24 (15:10);14 (15:30);0.0;0.0;0.0;0.0
Valdezcaray, estación de esquí;La Rioja;-1.9 (14:50);-8.2 (23:20);-5.0;9 (05:10);5 (04:50);2.0;0.0;1.8;0.2
Haro;La Rioja;3.3 (15:20);0.4 (00:10);1.8;;;0.6;0.2;0.0;0.4
Anguiano;La Rioja;0.0 (14:40);-3.7 (00:00);-1.9;;;0.0;0.0;0.0;0.0
Nájera;La Rioja;3.4 (16:10);0.4 (06:40);1.9;29 (08:40);14 (05:50);0.4;0.2;0.2;0.0
Cenicero;La Rioja;4.1 (14:10);0.8 (06:30);2.4;29 (12:10);19 (14:40);0.2;0.0;0.0;0.2
Logroño Aeropuerto;La Rioja;5.2 (15:00);0.0 (23:50);2.6;33 (13:50);24 (13:50);0.0;0.0;0.0;0.0
Enciso;La Rioja;1.3 (15:10);-2.9 (23:50);-0.8;42 (14:00);23 (14:10);0.0;0.0;0.0;0.0
Alfaro;La Rioja;7.5 (13:50);-0.4 (23:59);3.5;51 (12:00);35 (11:40);0.0;0.0;0.0;0.0
Tías;Las Palmas;12.8 (14:10);6.9 (06:30);9.9;76 (01:10);45 (01:10);10.4;3.2;6.8;0.2
Yaiza Playa Blanca;Las Palmas;16.7 (14:20);10.9 (04:10);13.8;59 (14:30);32 (14:30);0.0;0.0;0.0;0.0
Lanzarote Aeropuerto;Las Palmas;16.7 (14:30);8.6 (06:30);12.7;67 (12:30);42 (14:00);6.3;0.6;3.1;2.3
Haría;Las Palmas;14.1 (15:10);8.3 (01:10);11.2;67 (01:00);45 (01:00);0.4;0.0;0.2;0.2
Tinajo;Las Palmas;13.6 (14:00);7.7 (06:30);10.7;61 (18:20);38 (18:20);4.8;1.8;2.8;0.0
Pájara;Las Palmas;16.7 (17:00);10.2 (05:40);13.5;64 (00:20);27 (00:50);10.4;6.3;2.9;1.0
Tuineje,Puerto Gran Tarajal;Las Palmas;17.4 (16:10);10.6 (06:50);14.0;56 (13:20);27 (13:20);1.0;1.0;0.0;0.0
Antigua;Las Palmas;14.4 (15:00);7.8 (05:00);11.1;60 (07:10);37 (13:00);4.4;2.0;2.4;0.0
Fuerteventura Aeropuerto;Las Palmas;17.8 (15:20);9.5 (02:00);13.6;63 (01:50);47 (13:00);0.6;0.4;0.0;0.0
La Oliva;Las Palmas;14.5 (12:20);8.9 (01:50);11.7;54 (12:30);30 (12:30);2.0;1.6;0.0;0.4
La Oliva, Puerto de Corralejo;Las Palmas;16.2 (14:30);11.3 (01:20);13.8;82 (01:20);51 (14:50);3.8;3.8;0.0;0.0
Vega de San Mateo;Las Palmas;0.9 (20:10);-1.1 (06:10);-0.1;61 (05:20);29 (12:30);10.0;0.0;0.0;7.2
Tejeda, Cruz de Tejeda;Las Palmas;2.2 (21:10);0.2 (03:00);1.2;102 (19:50);38 (22:10);18.0;3.8;8.4;2.6
Tejeda;Las Palmas;6.7 (13:00);3.9 (03:00);5.3;69 (10:40);31 (13:50);12.6;8.0;1.8;1.3
Agaete;Las Palmas;16.8 (13:00);12.5 (02:40);14.6;76 (02:40);43 (00:50);3.8;2.8;1.0;0.0
La Aldea de San Nicolás;Las Palmas;17.8 (13:50);12.4 (00:20);15.1;82 (13:50);38 (21:30);2.4;1.2;0.2;0.8
San Bartolome Tirajana, Cuevas del Pinar;Las Palmas;5.9 (14:10);3.1 (06:40);4.5;87 (11:50);30 (22:00);4.8;3.4;1.0;0.4
San Bartolome Tirajana, Lomo Pedro Alfonso;Las Palmas;11.7 (14:10);6.6 (03:20);9.1;77 (20:40);28 (20:00);0.4;0.4;0.0;0.0
La Aldea de San Nicolás, Tasarte;Las Palmas;14.4 (13:30);10.9 (03:00);12.6;87 (08:10);49 (13:20);0.6;0.4;0.2;0.0
Mogán, Puerto Rico;Las Palmas;18.2 (16:10);14.4 (05:20);16.3;55 (03:30);31 (01:50);0.0;0.0;0.0;0.0
Mogán, Puerto;Las Palmas;20.5 (13:10);14.4 (00:40);17.4;53 (05:50);24 (05:40);0.1;0.1;0.0;0.0
San Bartolome Tirajana, Las Tirajanas;Las Palmas;8.2 (13:00);5.3 (03:10);6.8;121 (14:30);56 (12:10);3.0;2.6;0.4;0.0
Maspalomas, C. Insular Turismo;Las Palmas;19.4 (13:20);13.1 (04:50);16.3;41 (12:50);22 (12:50);0.0;0.0;0.0;0.0
San Bartolome Tirajana, El Matorral;Las Palmas;17.6 (14:30);12.0 (01:30);14.8;63 (15:50);40 (15:50);0.2;0.2;0.0;0.0
Agüimes;Las Palmas;14.6 (14:30);8.9 (01:20);11.8;75 (10:10);47 (14:40);4.8;4.2;0.6;0.0
Telde, Centro Forestal Doramas;Las Palmas;13.8 (14:30);9.1 (03:20);11.5;64 (15:10);36 (14:20);7.8;6.4;0.8;0.6
Gran Canaria Aeropuerto;Las Palmas;17.3 (15:00);10.6 (01:30);13.9;68 (11:30);48 (14:00);4.0;3.7;0.3;0.0
Telde, Melenara;Las Palmas;17.3 (14:50);11.6 (02:30);14.4;63 (08:50);36 (11:20);2.8;2.8;0.0;0.0
Teror;Las Palmas;11.9 (14:00);6.1 (02:50);9.0;57 (07:30);29 (06:50);10.2;9.4;0.2;0.2
Las Palmas de Gran Canaria, Tafira;Las Palmas;13.9 (14:20);9.6 (06:30);11.8;64 (08:40);36 (04:50);3.4;2.6;0.6;0.2
Las Palmas de Gran Canaria, San Cristobal;Las Palmas;17.2 (14:10);10.5 (02:20);13.9;68 (06:20);39 (06:20);1.6;1.6;0.0;0.0
Las Palmas de Gran Canaria, Pl. de la Feria;Las Palmas;17.0 (14:40);12.1 (02:20);14.6;52 (06:20);25 (06:20);2.6;2.5;0.1;0.0
Valleseco;Las Palmas;9.5 (14:10);4.9 (03:00);7.2;64 (01:00);42 (06:20);6.6;5.8;0.2;0.2
Agaete - Suerte Alta;Las Palmas;13.1 (14:40);8.8 (04:30);11.0;64 (01:50);34 (10:00);3.6;2.8;0.6;0.2
Arucas;Las Palmas;16.5 (14:10);11.6 (06:20);14.1;52 (03:00);31 (03:00);4.6;3.4;0.6;0.2
Maspalomas;Las Palmas;21.5 (15:40);13.7 (23:30);17.6;44 (16:30);30 (16:30);0.0;0.0;0.0;0.0
Teguise;Las Palmas;17.1 (14:10);9.5 (01:10);13.3;58 (16:00);37 (00:40);3.2;1.6;0.2;0.8
Posada de Valdeón, Soto;León;3.0 (15:30);-5.5 (22:30);-1.3;;;1.8;0.0;0.0;1.8
Villablino;León;9.0 (14:20);-5.1 (00:00);2.0;15 (12:50);11 (12:50);0.8;0.0;0.6;0.2
Ponferrada;León;9.0 (16:50);-4.1 (05:20);2.5;15 (16:10);6 (17:30);0.0;0.0;0.0;0.0
Vega de Espinareda;León;7.3 (15:20);-4.8 (04:10);1.3;;;0.0;0.0;0.0;0.0
Riaño;León;2.1 (15:40);-7.8 (23:59);-2.9;31 (00:50);17 (00:20);0.0;0.0;0.0;0.0
Cubillas de Rueda;León;4.3 (15:50);-10.1 (06:50);-2.9;23 (12:40);14 (12:40);0.0;0.0;0.0;0.0
Puerto de San Isidro;León;-1.9 (16:00);-10.4 (22:30);-6.1;37 (07:10);21 (17:10);1.0;0.4;0.2;0.4
León, Virgen del Camino;León;5.1 (16:00);-5.5 (08:30);-0.2;30 (16:40);15 (06:00);0.0;0.0;0.0;0.0
Valencia de Don Juan;León;5.6 (16:50);-6.0 (04:40);-0.2;22 (16:30);14 (02:10);0.0;0.0;0.0;0.0
Barrios de Luna, Miñera;León;7.6 (15:30);-5.3 (21:10);1.1;33 (03:50);20 (03:50);19.4;0.0;0.8;18.4
Astorga;León;8.8 (15:30);-7.1 (05:40);0.9;24 (15:40);16 (18:30);0.0;0.0;0.0;0.0
Lagunas de Somoza;León;3.2 (17:00);-7.6 (02:50);-2.2;25 (14:10);15 (05:10);0.0;0.0;0.0;0.0
Bustillo del Páramo;León;5.7 (16:20);-5.8 (07:50);-0.1;22 (14:00);14 (16:20);0.0;0.0;0.0;0.0
Martinet;Lleida;1.6 (15:40);-14.9 (07:50);-6.6;26 (13:40);17 (13:40);0.0;0.0;0.0;0.0
Lles de Cerdanya,Cap de Rec;Lleida;;;;26 (11:30);10 (11:30);;;;
La Seu d'Urgell;Lleida;6.2 (14:20);-8.1 (07:10);-1.0;;;0.0;0.0;0.0;0.0
Josa i Tuixén;Lleida;0.9 (13:50);-11.2 (07:20);-5.1;21 (12:50);9 (12:20);0.0;0.0;0.0;0.0
Coll de Nargó;Lleida;4.9 (14:40);-7.2 (08:30);-1.1;32 (15:20);22 (15:20);4.6;0.0;0.2;4.4
Torà;Lleida;5.0 (17:10);-6.6 (08:10);-0.8;;;0.0;0.0;0.0;0.0
Artesa de Segre;Lleida;5.4 (15:10);-6.3 (07:10);-0.5;;;0.0;0.0;0.0;0.0
Esterri d'Àneu;Lleida;-0.3 (15:40);-8.3 (23:40);-4.3;24 (14:50);12 (14:20);0.2;0.0;0.0;0.2
Rialp, Port Ainé;Lleida;;;;50 (13:50);37 (14:10);;;;
Talarn;Lleida;4.4 (13:40);-6.4 (07:20);-1.0;32 (16:30);18 (15:30);0.0;0.0;0.0;0.0
Llimiana;Lleida;6.5 (14:40);-6.7 (07:00);-0.1;22 (15:30);12 (15:30);0.0;0.0;0.0;0.0
Granyanella;Lleida;5.2 (16:10);-3.9 (08:10);0.6;;;0.0;0.0;0.0;0.0
Tàrrega;Lleida;;;;17 (15:50);6 (14:30);;;;
Os de Balaguer;Lleida;5.0 (13:50);-6.0 (05:20);-0.5;21 (13:20);13 (13:50);0.0;0.0;0.0;0.0
Mollerussa;Lleida;6.5 (14:50);-3.7 (07:40);1.4;17 (13:20);9 (13:40);0.0;0.0;0.0;0.0
Vall de Boí;Lleida;0.6 (13:10);-12.0 (05:20);-5.7;35 (00:10);15 (00:30);0.0;0.0;0.0;0.0
Lleida;Lleida;5.5 (13:40);-4.2 (08:10);0.7;15 (00:40);9 (00:40);0.0;0.0;0.0;0.0
La Pobla de Cérvoles;Lleida;3.6 (15:40);-3.7 (07:00);-0.1;;;0.0;0.0;0.0;0.0
El Soleràs;Lleida;4.7 (14:20);-3.0 (07:10);0.8;;;0.0;0.0;0.0;0.0
Naut Aran, Cap de Vaquèira;Lleida;-10.8 (15:50);-15.2 (00:00);-13.0;42 (03:20);28 (03:20);;;;
Naut Aran, Arties;Lleida;-3.9 (13:40);-5.8 (05:50);-4.9;19 (12:30);7 (11:50);0.7;0.0;0.7;0.0
Bossòst;Lleida;-2.4 (14:00);-4.2 (02:50);-3.3;24 (09:50);13 (23:20);1.0;0.2;0.6;0.2
Cervantes;Lugo;5.0 (14:00);-5.5 (06:00);-0.3;17 (23:20);11 (23:20);0.2;0.2;0.0;0.0
Ribadeo;Lugo;10.5 (15:10);2.5 (04:50);6.5;50 (23:59);31 (23:59);0.4;0.4;0.0;0.0
Mondoñedo;Lugo;8.7 (13:50);0.0 (04:50);4.3;;;0.0;0.0;0.0;0.0
Burela;Lugo;11.0 (14:40);4.1 (04:30);7.5;;;0.0;0.0;0.0;0.0
Lugo Aeropuerto;Lugo;7.2 (17:00);-2.0 (05:00);2.6;17 (23:59);9 (14:00);0.0;0.0;0.0;0.0
Lugo;Lugo;7.4 (17:00);-1.9 (04:50);2.8;11 (17:20);5 (17:10);0.8;0.0;0.4;0.2
O Páramo;Lugo;8.3 (17:00);-1.8 (05:30);3.3;;;1.2;0.0;0.0;1.2
Becerreá;Lugo;0.6 (17:20);-4.5 (06:10);-1.9;22 (22:20);15 (22:40);9.2;0.0;1.4;7.8
O Saviñao;Lugo;;;;;;;0.0;0.0;
Folgoso do Courel;Lugo;7.0 (15:20);-3.3 (03:40);1.9;;;0.0;0.0;0.0;0.0
Monforte de Lemos;Lugo;11.1 (16:40);-4.0 (05:20);3.6;10 (13:50);4 (14:50);0.2;0.0;0.0;0.0
Puerto de Navacerrada;Madrid;-6.6 (15:40);-10.5 (04:10);-8.5;40 (09:20);24 (03:30);1.0;0.0;0.0;1.0
Aranjuez;Madrid;8.1 (15:40);-5.6 (08:30);1.3;27 (15:00);10 (15:10);0.0;0.0;0.0;0.0
Rascafría;Madrid;3.3 (12:20);-10.6 (04:30);-3.7;31 (15:10);13 (16:00);0.0;0.0;0.0;0.0
Buitrago del Lozoya;Madrid;;;;40 (14:00);19 (14:00);0.0;0.0;0.0;0.0
Madrid, El Goloso;Madrid;5.7 (14:10);-6.3 (07:00);-0.3;22 (16:00);9 (16:00);0.0;0.0;0.0;0.0
Madrid Aeropuerto;Madrid;7.4 (16:10);-3.8 (07:40);1.8;35 (14:30);21 (18:00);0.0;0.0;0.0;0.0
Alcala de Henares;Madrid;6.4 (15:30);-6.0 (08:30);0.2;21 (16:10);14 (16:10);0.0;0.0;0.0;0.0
Arganda del Rey;Madrid;8.1 (16:30);-4.2 (08:30);2.0;24 (16:40);15 (16:10);0.0;0.0;0.0;0.0
Colmenar Viejo;Madrid;4.0 (14:10);-4.1 (04:20);0.0;27 (16:50);14 (02:50);0.0;0.0;0.0;0.0
Madrid, Ciudad Universitaria;Madrid;8.0 (15:30);-5.0 (08:30);1.5;27 (16:40);15 (17:10);0.0;0.0;0.0;0.0
Pozuelo de Alarcón;Madrid;8.3 (16:20);-6.5 (08:00);0.9;;;0.0;0.0;0.0;0.0
Madrid, Retiro;Madrid;6.2 (14:50);-1.1 (06:30);2.5;30 (18:40);15 (03:00);0.0;0.0;0.0;0.0
Tielmes;Madrid;6.4 (14:40);-5.6 (08:10);0.4;;;0.0;0.0;0.0;0.0
Puerto Alto del León;Madrid;-4.7 (15:40);-9.9 (04:30);-7.3;22 (11:20);16 (13:50);0.0;0.0;0.0;0.0
Alpedrete;Madrid;6.4 (14:40);-5.0 (04:10);0.7;30 (13:30);15 (14:10);0.0;0.0;0.0;0.0
Torrelodones;Madrid;;;;;;;0.0;;0.0
Rozas de Puerto Real;Madrid;3.3 (15:00);-2.3 (23:59);0.5;;;0.0;0.0;0.0;0.0
Robledo de Chavela;Madrid;5.7 (13:30);-5.5 (07:40);0.1;;;0.0;0.0;0.0;0.0
Ronda Instituto;Málaga;10.2 (13:50);-0.4 (06:50);4.9;15 (15:20);8 (14:40);0.0;0.0;0.0;0.0
Cortes de la Frontera;Málaga;12.9 (14:30);0.8 (05:40);6.8;15 (14:40);6 (14:30);0.0;0.0;0.0;0.0
Alpandeire;Málaga;11.0 (13:00);1.8 (05:10);6.4;18 (13:10);8 (07:50);0.0;0.0;0.0;0.0
Gaucín;Málaga;11.6 (14:40);1.0 (07:10);6.3;21 (09:30);12 (09:30);4.0;0.0;0.0;4.0
Manilva;Málaga;13.8 (14:40);6.7 (06:50);10.3;31 (11:40);17 (11:40);0.0;0.0;0.0;0.0
Estepona;Málaga;16.7 (14:30);7.4 (23:40);12.1;33 (11:20);21 (11:30);0.4;0.0;0.0;0.0
Benahavis;Málaga;12.5 (15:20);5.1 (22:40);8.8;23 (12:10);10 (11:10);0.0;0.0;0.0;0.0
Marbella, Puerto;Málaga;14.7 (13:40);7.9 (05:00);11.3;26 (11:30);22 (11:30);0.0;0.0;0.0;0.0
Marbella;Málaga;13.5 (15:20);9.1 (22:00);11.3;28 (06:40);21 (14:10);0.2;0.0;0.2;0.0
Fuengirola;Málaga;13.6 (15:50);8.6 (03:40);11.1;20 (10:00);15 (10:50);0.0;0.0;0.0;0.0
Torremolinos;Málaga;14.6 (15:10);6.8 (04:10);10.7;21 (23:10);10 (23:10);0.0;0.0;0.0;0.0
Antequera;Málaga;10.9 (16:00);-1.7 (08:20);4.6;18 (15:10);9 (03:00);0.0;0.0;0.0;0.0
Álora;Málaga;15.3 (15:00);3.4 (08:00);9.4;25 (06:10);15 (06:10);0.0;0.0;0.0;0.0
Coín;Málaga;16.3 (15:20);3.2 (06:00);9.7;;;0.0;0.0;0.0;0.0
Málaga Aeropuerto;Málaga;14.8 (15:30);3.9 (05:20);9.4;32 (05:10);25 (06:00);0.0;0.0;0.0;0.0
Málaga, Centro Meteorológico;Málaga;16.2 (14:40);4.6 (06:10);10.4;18 (16:10);12 (08:00);0.0;0.0;0.0;0.0
Málaga, Puerto;Málaga;16.1 (13:20);6.7 (08:00);11.4;20 (04:20);12 (07:10);0.0;0.0;0.0;0.0
Rincon de la Victoria;Málaga;17.1 (10:10);7.4 (08:10);12.3;;;0.0;0.0;0.0;0.0
Vélez-Málaga;Málaga;16.5 (14:10);4.2 (06:40);10.3;;;0.0;0.0;0.0;0.0
Algarrobo;Málaga;15.1 (15:00);4.8 (06:30);10.0;22 (14:50);13 (13:00);0.0;0.0;0.0;0.0
Nerja;Málaga;14.9 (15:00);7.5 (06:40);11.2;21 (12:50);12 (23:20);0.0;0.0;0.0;0.0
Fuente de Piedra;Málaga;11.4 (14:20);-2.5 (07:40);4.4;26 (17:10);17 (17:10);0.0;0.0;0.0;0.0
Melilla;Melilla;14.1 (12:10);6.4 (05:40);10.3;26 (16:30);18 (16:30);6.4;0.0;0.0;2.0
Águilas;Murcia;14.1 (13:50);5.5 (08:30);9.8;29 (14:40);19 (14:40);0.0;0.0;0.0;0.0
Mazarrón;Murcia;13.7 (15:50);5.4 (07:40);9.5;40 (22:20);22 (22:30);0.0;0.0;0.0;0.0
Cartagena;Murcia;13.0 (13:50);1.3 (08:10);7.1;24 (11:00);12 (16:40);0.0;0.0;0.0;0.0
Fuente Álamo de Murcia;Murcia;13.2 (16:00);3.1 (08:20);8.1;;;0.0;0.0;0.0;0.0
Torre-Pacheco;Murcia;13.2 (14:40);3.1 (00:00);8.1;25 (22:40);10 (21:50);0.0;0.0;0.0;0.0
San Javier Aeropuerto;Murcia;13.1 (14:00);2.9 (01:10);8.0;32 (11:10);20 (23:50);0.0;0.0;0.0;0.0
Moratalla;Murcia;5.8 (16:00);-2.8 (02:30);1.5;;;0.0;0.0;0.0;0.0
Caravaca de La Cruz;Murcia;8.2 (15:30);-2.7 (04:50);2.7;30 (13:10);16 (13:40);0.0;0.0;0.0;0.0
Calasparra;Murcia;9.7 (15:30);0.3 (04:30);5.0;31 (14:40);15 (14:40);0.0;0.0;0.0;0.0
Bullas;Murcia;7.7 (16:20);-0.8 (08:30);3.4;;;0.0;0.0;0.0;0.0
Jumilla;Murcia;9.1 (15:30);-1.6 (03:50);3.8;28 (16:50);15 (17:30);0.0;0.0;0.0;0.0
Cieza;Murcia;11.4 (16:10);0.5 (23:40);5.9;27 (11:30);17 (11:20);0.0;0.0;0.0;0.0
Archena;Murcia;12.5 (17:00);3.3 (01:20);7.9;;;0.0;0.0;0.0;0.0
Mula;Murcia;12.3 (15:20);1.5 (04:20);6.9;35 (11:10);23 (11:00);0.0;0.0;0.0;0.0
Murcia;Murcia;14.1 (16:10);1.1 (07:20);7.6;28 (15:40);17 (22:00);0.0;0.0;0.0;0.0
Caravaca de La Cruz, Los Royos;Murcia;6.0 (14:30);-2.9 (07:10);1.5;;;0.0;0.0;0.0;0.0
Lorca, Zarcilla de Ramos;Murcia;8.9 (15:00);-0.7 (07:30);4.1;28 (11:20);19 (11:00);0.0;0.0;0.0;0.0
Lorca;Murcia;12.0 (14:20);2.2 (08:10);7.1;24 (09:20);12 (09:00);0.0;0.0;0.0;0.0
Puerto Lumbreras;Murcia;11.6 (14:20);3.0 (08:30);7.3;;;0.0;0.0;0.0;0.0
Totana;Murcia;12.7 (15:10);2.3 (08:10);7.5;24 (17:00);10 (13:10);0.0;0.0;0.0;0.0
Alhama de Murcia;Murcia;12.2 (16:10);3.7 (07:20);7.9;24 (12:50);12 (11:00);0.0;0.0;0.0;0.0
Molina de Segura;Murcia;12.6 (16:20);2.4 (06:40);7.5;31 (12:00);20 (12:00);0.0;0.0;0.0;0.0
Abanilla;Murcia;14.8 (16:00);0.1 (05:50);7.5;;;0.0;0.0;0.0;0.0
Yecla;Murcia;8.7 (15:40);-2.6 (04:30);3.0;38 (17:00);23 (22:40);0.0;0.0;0.0;0.0
Baztan, Irurita;Navarra;3.9 (14:50);-1.7 (23:59);1.1;7 (15:00);4 (01:40);2.3;2.2;0.0;0.0
Bera;Navarra;5.3 (16:20);-2.0 (23:59);1.7;9 (00:50);4 (00:50);2.2;2.2;0.0;0.0
Areso;Navarra;2.1 (17:20);-3.1 (23:40);-0.5;9 (14:50);3 (14:20);4.0;3.8;0.2;0.0
Los Arcos;Navarra;6.9 (15:00);-1.2 (23:50);2.9;34 (16:10);18 (15:30);0.0;0.0;0.0;0.0
Isaba/Izaba;Navarra;-1.3 (14:50);-3.7 (23:59);-2.5;42 (02:10);21 (02:40);0.4;0.0;0.2;0.2
Oroz-Betelu/Orotz-Betelu;Navarra;0.1 (14:00);-3.6 (23:59);-1.7;35 (04:10);23 (04:10);0.4;0.4;0.0;0.0
Roncesvalles;Navarra;-3.4 (00:10);-4.8 (10:30);-4.1;31 (08:20);14 (10:20);1.6;1.4;0.0;0.2
Navascués/Nabaskoze;Navarra;2.5 (14:40);-4.7 (23:59);-1.1;;;0.0;0.0;0.0;0.0
Cáseda;Navarra;3.5 (15:10);-0.4 (22:00);1.5;44 (12:30);24 (12:30);0.0;0.0;0.0;0.0
Olite/Erriberri;Navarra;5.4 (15:10);0.2 (23:50);2.8;36 (13:00);21 (10:40);0.0;0.0;0.0;0.0
Esteribar, Eugui;Navarra;0.7 (15:10);-3.1 (23:59);-1.2;;;2.0;1.8;0.2;0.0
Monreal/Elo;Navarra;2.4 (16:40);-1.5 (23:59);0.5;51 (09:10);35 (10:20);0.0;0.0;0.0;0.0
Pamplona Aeropuerto;Navarra;3.5 (14:10);-1.6 (23:59);0.9;45 (15:30);32 (15:30);0.4;0.4;0.0;0.0
Aranguren, Ilundain;Navarra;2.4 (14:40);-1.6 (23:40);0.4;32 (10:00);15 (15:30);0.2;0.2;0.0;0.0
Irurtzun;Navarra;3.3 (14:00);-1.4 (23:10);0.9;25 (17:00);13 (14:00);3.0;0.0;1.8;1.2
Larraga;Navarra;5.6 (13:20);-0.5 (22:20);2.5;48 (13:40);37 (13:40);0.0;0.0;0.0;0.0
Bardenas Reales, Base Aérea;Navarra;6.2 (13:50);0.5 (01:40);3.3;62 (12:30);47 (12:30);0.0;0.0;0.0;0.0
Monteagudo;Navarra;6.2 (14:40);0.8 (02:30);3.5;;;0.0;0.0;0.0;0.0
Tudela;Navarra;6.8 (13:10);0.7 (02:00);3.8;44 (12:00);19 (13:30);0.0;0.0;0.0;0.0
Luzaide/Valcarlos;Navarra;1.9 (15:50);-0.7 (23:59);0.6;21 (06:50);10 (08:30);0.8;0.8;0.0;0.0
O Barco de Valdeorras;Ourense;;;;;;;;;
A Pobra de Trives;Ourense;6.3 (14:10);-5.2 (05:00);0.6;22 (14:50);11 (00:20);0.0;0.0;0.0;0.0
Chandrexa de Queixa;Ourense;4.4 (17:10);-6.7 (06:20);-1.1;17 (15:00);8 (16:50);0.0;0.0;0.0;0.0
Ourense;Ourense;12.2 (17:00);-2.2 (05:40);5.0;11 (22:00);6 (22:00);0.0;0.0;0.0;0.0
Beariz;Ourense;9.3 (15:50);-3.2 (04:40);3.1;;;;;;
Carballiño, O;Ourense;10.9 (16:50);-3.1 (04:40);3.9;14 (16:30);4 (14:40);0.3;0.0;0.0;0.0
Ribadavia;Ourense;10.8 (16:50);-2.7 (06:00);4.1;;;0.2;0.0;0.0;0.0
Allariz;Ourense;;;;;;;;;
Muiños;Ourense;7.1 (17:10);-3.9 (07:00);1.6;;;0.2;0.0;0.0;0.0
A Gudiña;Ourense;5.4 (16:00);-4.3 (06:10);0.5;;;0.0;0.0;0.0;0.0
Verín;Ourense;10.7 (16:20);-6.4 (07:00);2.1;;;0.2;0.0;0.0;0.0
Cervera de Pisuerga;Palencia;4.0 (16:40);-6.6 (23:50);-1.3;27 (02:20);13 (06:00);1.4;0.0;0.0;1.2
Aguilar de Campoo;Palencia;2.8 (15:00);-8.1 (23:59);-2.7;21 (17:00);12 (16:20);0.0;0.0;0.0;0.0
Villaeles de Valdavia;Palencia;5.8 (15:20);-7.8 (06:10);-1.0;18 (14:50);11 (17:40);0.0;0.0;0.0;0.0
Velilla del Río Carrión, Camporredondo de Alba;Palencia;3.7 (13:00);-8.4 (03:40);-2.3;28 (15:00);16 (15:00);0.0;0.0;0.0;0.0
Carrión de los Condes;Palencia;6.4 (15:20);-7.2 (08:30);-0.4;19 (15:20);10 (16:40);0.0;0.0;0.0;0.0
Autilla del Pino;Palencia;3.6 (15:40);-7.6 (08:20);-2.0;19 (13:40);13 (10:50);0.0;0.0;0.0;0.0
Palencia;Palencia;5.9 (16:30);-7.5 (08:30);-0.8;21 (14:10);11 (14:30);0.0;0.0;0.0;0.0
Santervás de la Vega, Villapún;Palencia;4.5 (16:40);-8.3 (04:40);-1.9;21 (16:10);12 (16:30);0.0;0.0;0.0;0.0
Silleda;Pontevedra;;;;19 (23:59);12 (08:40);0.6;0.0;0.0;0.0
A Estrada;Pontevedra;10.2 (16:20);-2.1 (07:40);4.0;;;0.4;0.0;0.0;0.0
VilagarcÍa de Arousa;Pontevedra;9.9 (15:10);0.2 (07:20);5.0;15 (17:50);9 (15:20);1.0;0.0;0.0;0.0
Pontevedra;Pontevedra;10.3 (16:20);-0.3 (02:40);5.0;19 (18:40);12 (04:10);0.4;0.0;0.0;0.0
A Lama;Pontevedra;9.4 (16:00);-2.1 (07:30);3.6;26 (14:10);9 (14:20);;;;
Vigo Aeropuerto;Pontevedra;10.5 (15:00);-0.3 (07:00);5.1;28 (17:00);18 (18:50);0.0;0.0;0.0;0.0
Vigo;Pontevedra;10.4 (15:30);3.0 (07:30);6.7;15 (02:00);7 (02:00);0.0;0.0;0.0;0.0
A Cañiza;Pontevedra;8.0 (16:30);-1.1 (00:10);3.4;;;0.0;0.0;0.0;0.0
Ponteareas, Canedo;Pontevedra;11.0 (16:10);-1.7 (06:00);4.6;;;;;;
O Rosal;Pontevedra;12.2 (16:00);1.9 (07:30);7.0;;;;;;
La Covatilla, estación de esquí;Salamanca;;;;;;;;;
Pedrosillo de Los Aires;Salamanca;3.2 (15:00);-6.7 (08:40);-1.7;31 (13:10);19 (13:10);0.0;0.0;0.0;0.0
Pedraza de Alba;Salamanca;2.1 (15:20);-7.6 (08:50);-2.8;18 (14:20);11 (12:10);0.0;0.0;0.0;0.0
Salamanca Aeropuerto;Salamanca;5.3 (16:10);-6.3 (07:50);-0.5;28 (01:20);19 (01:20);0.0;0.0;0.0;0.0
Salamanca;Salamanca;6.5 (16:00);-4.2 (07:00);1.2;19 (00:20);9 (00:30);0.0;0.0;0.0;0.0
Barbadillo;Salamanca;4.2 (16:20);-7.1 (08:40);-1.5;26 (00:30);18 (00:30);0.0;0.0;0.0;0.0
Ledesma;Salamanca;4.8 (17:00);-6.0 (08:30);-0.6;23 (12:40);14 (00:10);0.0;0.0;0.0;0.0
Villarino de los Aires;Salamanca;8.1 (15:40);-5.2 (08:00);1.5;22 (14:20);16 (23:20);0.0;0.0;0.0;0.0
Boadilla Fuente San Esteban;Salamanca;4.0 (16:00);-5.3 (07:30);-0.7;26 (12:30);17 (13:00);0.0;0.0;0.0;0.0
Vitigudino;Salamanca;6.6 (16:50);-4.9 (08:00);0.8;27 (11:00);17 (01:00);0.0;0.0;0.0;0.0
El Maíllo;Salamanca;2.2 (15:20);-4.4 (05:10);-1.1;34 (12:20);23 (12:00);0.0;0.0;0.0;0.0
Bañobárez;Salamanca;5.0 (17:20);-6.5 (08:40);-0.8;26 (15:30);10 (11:40);0.0;0.0;0.0;0.0
Navasfrías;Salamanca;4.4 (16:30);-10.1 (09:00);-2.9;27 (14:40);14 (14:10);0.0;0.0;0.0;0.0
El Bodón Base Aérea;Salamanca;4.3 (16:20);-5.6 (08:30);-0.6;29 (14:00);18 (13:00);0.0;0.0;0.0;0.0
Saelices El Chico;Salamanca;6.5 (16:50);-3.8 (08:20);1.4;33 (16:10);21 (03:00);0.0;0.0;0.0;0.0
Fresno de Cantespino;Segovia;0.4 (14:00);-9.9 (01:50);-4.7;28 (15:40);16 (15:00);0.0;0.0;0.0;0.0
Aldeanueva de Serrezuela;Segovia;-0.3 (14:10);-6.1 (01:20);-3.2;26 (13:30);17 (13:30);0.2;0.0;0.0;0.0
La Pinilla, estación de esquí;Segovia;-5.7 (13:50);-10.3 (02:20);-8.0;;;;;;
Pedraza;Segovia;-0.7 (14:10);-9.4 (04:20);-5.0;15 (12:50);8 (14:50);6.4;0.0;4.2;2.2
Cuéllar;Segovia;6.3 (13:40);-6.0 (23:50);0.2;23 (12:30);13 (05:30);0.0;0.0;0.0;0.0
Segovia;Segovia;1.2 (14:50);-7.3 (04:00);-3.1;18 (09:40);11 (06:00);0.0;0.0;0.0;0.0
San Rafael;Segovia;-0.5 (16:10);-8.0 (04:20);-4.3;;;0.6;0.0;0.0;0.6
Miguelañez;Segovia;1.6 (17:50);-4.0 (08:40);-1.2;21 (13:00);13 (13:00);0.0;0.0;0.0;0.0
La Roda de Andalucía;Sevilla;11.3 (15:00);-3.2 (08:10);4.1;25 (17:10);15 (16:50);0.0;0.0;0.0;0.0
Lora de Estepa;Sevilla;10.7 (15:50);-1.2 (08:30);4.7;;;0.0;0.0;0.0;0.0
Écija;Sevilla;13.2 (16:40);-0.2 (08:30);6.5;27 (12:20);18 (11:30);0.0;0.0;0.0;0.0
La Puebla de los Infantes;Sevilla;13.8 (15:50);-2.5 (00:50);5.7;25 (17:50);16 (18:00);0.0;0.0;0.0;0.0
Fuentes de Andalucía;Sevilla;13.6 (17:00);0.0 (07:10);6.8;33 (12:10);16 (11:20);0.0;0.0;0.0;0.0
Carmona;Sevilla;15.1 (17:10);0.1 (07:20);7.6;27 (13:10);16 (12:00);0.0;0.0;0.0;0.0
Cazalla de la Sierra;Sevilla;9.8 (15:10);-0.2 (23:59);4.8;33 (11:00);18 (10:20);0.0;0.0;0.0;0.0
Guadalcanal;Sevilla;6.9 (15:30);-2.3 (08:20);2.3;35 (11:00);20 (11:50);0.0;0.0;0.0;0.0
Almadén de la Plata;Sevilla;12.3 (15:20);-0.6 (08:20);5.9;22 (12:50);9 (12:50);0.0;0.0;0.0;0.0
Sevilla Aeropuerto;Sevilla;14.6 (17:00);1.4 (07:50);8.0;37 (11:40);26 (11:40);0.0;0.0;0.0;0.0
Sevilla, Tablada;Sevilla;15.3 (16:10);2.9 (07:00);9.1;29 (12:30);15 (12:30);0.0;0.0;0.0;0.0
Morón de la Frontera;Sevilla;13.3 (16:50);0.6 (08:00);7.0;27 (15:20);18 (10:20);0.0;0.0;0.0;0.0
Carrión de los Céspedes;Sevilla;14.3 (16:50);1.7 (23:59);8.0;33 (11:40);19 (11:40);0.0;0.0;0.0;0.0
Las Cabezas de San Juan;Sevilla;14.2 (15:40);1.7 (08:10);7.9;30 (16:20);15 (12:30);0.0;0.0;0.0;0.0
Osuna;Sevilla;11.8 (16:40);0.4 (06:30);6.1;21 (15:40);12 (01:00);0.0;0.0;0.0;0.0
Vinuesa, Quintanarejo;Soria;0.7 (11:40);-4.6 (00:00);-1.9;;;0.0;0.0;0.0;0.0
La Póveda de Soria, Barriomartín;Soria;-1.6 (15:20);-5.6 (00:40);-3.6;50 (14:00);30 (12:10);0.0;0.0;0.0;0.0
Soria;Soria;3.2 (13:20);-5.4 (03:10);-1.1;38 (13:30);19 (13:30);0.0;0.0;0.0;0.0
Lubia;Soria;1.6 (12:30);-8.9 (02:30);-3.6;31 (15:20);17 (15:20);0.0;0.0;0.0;0.0
Morón de Almazán;Soria;2.9 (14:00);-9.8 (04:50);-3.5;30 (00:50);21 (15:40);0.0;0.0;0.0;0.0
La Riba de Escalote;Soria;-0.1 (15:10);-11.4 (03:00);-5.7;47 (10:10);35 (10:00);0.0;0.0;0.0;0.0
Ucero;Soria;4.1 (13:20);-7.9 (03:10);-1.9;;;0.0;0.0;0.0;0.0
Burgo de Osma;Soria;2.9 (14:50);-6.7 (01:40);-1.9;39 (12:50);28 (13:00);0.0;0.0;0.0;0.0
Liceras;Soria;0.0 (13:30);-9.5 (02:00);-4.8;32 (14:00);23 (15:30);1.2;0.0;0.0;1.2
Ólvega;Soria;2.3 (15:30);-7.0 (22:30);-2.4;32 (13:30);23 (13:40);1.8;0.0;0.0;1.8
San Pedro Manrique;Soria;0.1 (15:30);-3.9 (00:50);-1.9;40 (10:40);20 (13:00);0.2;0.0;0.0;0.2
Arcos de Jalón;Soria;2.2 (15:00);-9.0 (02:50);-3.4;29 (14:50);22 (14:40);0.0;0.0;0.0;0.0
Almazul;Soria;2.2 (16:20);-5.5 (01:00);-1.6;62 (13:00);44 (12:50);0.0;0.0;0.0;0.0
Puntagorda;Santa Cruz de Tenerife;12.1 (12:50);8.1 (04:20);10.1;61 (20:00);33 (00:10);4.6;0.6;0.2;2.4
Tijarafe;Santa Cruz de Tenerife;15.1 (14:30);8.3 (05:50);11.7;25 (08:00);12 (13:00);0.0;0.0;0.0;0.0
El Paso;Santa Cruz de Tenerife;11.6 (14:20);5.3 (01:10);8.5;67 (07:30);31 (17:10);1.4;0.2;0.4;0.4
Fuencaliente;Santa Cruz de Tenerife;19.2 (13:00);14.0 (05:10);16.6;69 (14:40);44 (14:30);0.8;0.0;0.0;0.0
Tazacorte;Santa Cruz de Tenerife;21.7 (13:40);13.4 (07:50);17.6;32 (23:50);13 (19:20);0.0;0.0;0.0;0.0
La Palma Aeropuerto;Santa Cruz de Tenerife;18.1 (14:00);13.9 (23:20);16.0;71 (16:40);55 (15:20);1.3;0.1;0.4;0.6
San Andrés y Sauces;Santa Cruz de Tenerife;14.2 (12:20);10.4 (02:20);12.3;47 (17:30);24 (10:50);4.4;1.8;0.0;1.6
Vallehermoso, Alto Igualero;Santa Cruz de Tenerife;3.6 (22:30);1.4 (06:10);2.5;117 (19:20);81 (23:10);10.4;4.6;1.0;1.8
Vallehermoso, Chipude C.F.;Santa Cruz de Tenerife;5.2 (15:00);3.0 (06:20);4.1;76 (23:59);33 (19:30);;;;
Agulo;Santa Cruz de Tenerife;10.6 (13:20);7.3 (03:50);9.0;40 (18:50);17 (06:00);2.6;1.6;0.4;0.2
Vallehermoso, Dama;Santa Cruz de Tenerife;17.6 (16:50);12.1 (05:10);14.9;66 (10:20);28 (02:40);0.2;0.2;0.0;0.0
Hermigua;Santa Cruz de Tenerife;14.5 (13:30);11.2 (00:30);12.8;60 (07:40);33 (06:30);2.8;1.8;0.0;0.6
San Sebastián de la Gomera;Santa Cruz de Tenerife;17.8 (13:50);13.7 (00:30);15.7;82 (08:10);36 (22:30);0.3;0.3;0.0;0.0
La Orotava, Cañadas Teide;Santa Cruz de Tenerife;;;;;;;;;
Adeje;Santa Cruz de Tenerife;20.4 (13:50);12.2 (06:30);16.3;36 (12:10);19 (12:10);0.0;0.0;0.0;0.0
Arico;Santa Cruz de Tenerife;17.9 (15:00);9.3 (02:00);13.6;72 (10:00);42 (13:30);0.0;0.0;0.0;0.0
Tenerife Sur Aeropuerto;Santa Cruz de Tenerife;22.0 (14:10);11.4 (06:40);16.7;65 (14:00);45 (17:40);0.0;0.0;0.0;0.0
Izaña;Santa Cruz de Tenerife;-2.1 (23:59);-5.1 (05:20);-3.6;;135 (05:10);0.6;0.4;0.2;0.0
Candelaria;Santa Cruz de Tenerife;13.3 (16:10);8.3 (04:50);10.8;78 (03:20);35 (02:20);9.8;8.4;1.0;0.4
Güímar;Santa Cruz de Tenerife;17.6 (16:10);11.1 (04:50);14.4;36 (16:20);28 (13:10);2.6;2.4;0.2;0.0
San Cristóbal de La Laguna,Llano de los Loros;Santa Cruz de Tenerife;8.8 (10:40);5.2 (04:30);7.0;72 (06:30);33 (07:10);6.0;0.8;0.6;2.4
Tenerife Norte Aeropuerto;Santa Cruz de Tenerife;12.5 (13:30);7.5 (04:20);10.0;87 (00:20);56 (08:30);9.9;2.7;6.4;0.2
Sta.Cruz de Tenerife;Santa Cruz de Tenerife;17.4 (16:10);13.1 (04:30);15.3;62 (02:20);27 (02:20);3.0;1.6;1.0;0.2
Anaga;Santa Cruz de Tenerife;17.5 (14:50);13.2 (04:20);15.3;52 (06:20);20 (07:50);3.6;2.8;0.2;0.0
La Victoria de Acentejo;Santa Cruz de Tenerife;11.8 (16:10);8.0 (08:50);9.9;48 (03:10);28 (04:30);3.4;0.2;1.0;0.2
Tacoronte;Santa Cruz de Tenerife;15.0 (16:00);10.4 (04:30);12.7;53 (04:20);31 (04:20);0.4;0.0;0.0;0.0
Puerto de la Cruz;Santa Cruz de Tenerife;18.0 (15:20);14.0 (02:10);16.0;50 (08:50);31 (03:20);1.5;0.4;0.0;0.6
Los Silos;Santa Cruz de Tenerife;17.1 (16:40);13.0 (02:50);15.1;65 (09:10);45 (09:00);1.2;1.0;0.0;0.2
El Pinar, Depósito;Santa Cruz de Tenerife;10.5 (13:20);6.4 (07:00);8.5;62 (10:40);19 (10:30);1.2;0.4;0.2;0.2
Valverde;Santa Cruz de Tenerife;7.3 (14:30);4.9 (06:40);6.1;60 (09:40);34 (03:50);2.6;0.2;0.0;1.0
Hierro Aeropuerto;Santa Cruz de Tenerife;17.7 (13:10);15.4 (05:20);16.6;76 (13:40);58 (06:20);0.3;0.0;0.0;0.1
Frontera, Sabinosa;Santa Cruz de Tenerife;17.6 (13:30);15.7 (19:40);16.7;54 (06:30);31 (10:50);0.0;0.0;0.0;0.0
Vandellòs;Tarragona;8.0 (16:10);2.0 (23:20);5.0;63 (10:10);33 (08:20);0.3;0.0;0.0;0.0
Alforja;Tarragona;6.7 (15:50);-1.5 (08:00);2.6;44 (11:00);26 (10:40);0.0;0.0;0.0;0.0
Reus Aeropuerto;Tarragona;10.3 (16:20);-2.8 (07:40);3.8;33 (00:20);22 (00:10);;0.0;0.0;
Valls;Tarragona;7.5 (12:20);-1.7 (23:59);2.9;;;0.0;0.0;0.0;0.0
Tarragona;Tarragona;9.9 (16:40);0.3 (08:00);5.1;27 (19:20);11 (19:10);0.0;0.0;0.0;0.0
Llorac;Tarragona;3.8 (16:00);-7.8 (07:50);-2.0;26 (11:00);18 (11:20);0.0;0.0;0.0;0.0
Horta de Sant Joan;Tarragona;3.7 (16:10);-3.1 (23:59);0.3;;;0.8;0.0;0.0;0.2
La Pobla de Massaluca;Tarragona;5.4 (15:40);-1.1 (06:10);2.2;42 (11:20);30 (11:20);0.0;0.0;0.0;0.0
Cabacés;Tarragona;6.0 (14:30);-2.4 (07:30);1.8;19 (12:20);7 (11:50);0.0;0.0;0.0;0.0
Rasquera;Tarragona;8.2 (15:10);-0.9 (23:59);3.6;44 (00:20);21 (10:50);0.0;0.0;0.0;0.0
Tortosa;Tarragona;10.0 (11:50);1.1 (23:50);5.6;39 (07:10);21 (20:00);0.0;0.0;0.0;0.0
Sant Jaume d'Enveja;Tarragona;9.7 (16:20);2.8 (22:40);6.2;46 (10:30);23 (13:10);9.2;0.0;0.0;0.0
Albarracín;Teruel;0.9 (15:10);-12.3 (05:40);-5.7;44 (19:50);26 (20:00);0.8;0.0;0.0;0.8
Teruel;Teruel;1.6 (13:20);-11.0 (04:40);-4.7;26 (21:40);13 (20:30);0.0;0.0;0.0;0.0
Jabaloyas;Teruel;-2.3 (14:20);-9.0 (00:30);-5.6;53 (12:30);33 (12:30);0.0;0.0;0.0;0.0
Cedrillas;Teruel;-2.0 (16:50);-9.4 (02:50);-5.7;49 (11:10);33 (22:40);0.2;0.0;0.0;0.2
Mosqueruela;Teruel;-2.6 (13:50);-7.6 (03:00);-5.1;76 (07:40);51 (07:20);0.0;0.0;0.0;0.0
Santa Eulalia del Campo;Teruel;2.9 (14:40);-13.9 (04:20);-5.5;40 (13:50);29 (15:00);0.0;0.0;0.0;0.0
Calamocha;Teruel;3.7 (16:20);-6.4 (05:10);-1.4;35 (16:40);16 (16:40);0.0;0.0;0.0;0.0
Fonfría;Teruel;-1.3 (13:30);-7.2 (04:50);-4.2;51 (12:00);33 (13:20);0.0;0.0;0.0;0.0
Muniesa;Teruel;;;;;;;0.0;0.0;
Montalbán;Teruel;2.7 (13:20);-6.0 (04:30);-1.6;37 (15:10);21 (22:40);0.0;0.0;0.0;0.0
Hijar;Teruel;8.5 (15:30);0.6 (04:20);4.6;49 (07:20);32 (07:20);0.0;0.0;0.0;0.0
Andorra;Teruel;2.0 (16:00);-3.1 (03:20);-0.5;59 (15:10);44 (12:10);0.0;0.0;0.0;0.0
Castellote;Teruel;2.9 (12:50);-1.8 (02:20);0.6;54 (20:50);29 (22:00);0.0;0.0;0.0;0.0
Calanda;Teruel;4.8 (16:40);-0.4 (03:50);2.2;47 (18:40);27 (11:20);0.0;0.0;0.0;0.0
Alcañiz;Teruel;6.3 (15:40);-0.4 (04:50);3.0;42 (11:30);22 (11:30);0.0;0.0;0.0;0.0
Valderrobres;Teruel;3.5 (16:50);-2.1 (23:59);0.7;35 (11:30);18 (11:30);0.2;0.0;0.0;0.0
Bello;Teruel;1.2 (16:30);-8.5 (04:50);-3.6;34 (15:00);23 (18:50);0.0;0.0;0.0;0.0
Ocaña;Toledo;;;;;;;;;
Tembleque;Toledo;6.7 (16:20);-5.0 (09:00);0.8;;;0.0;0.0;0.0;0.0
Mora;Toledo;5.4 (16:30);-4.8 (06:40);0.3;22 (16:50);12 (17:10);0.2;0.0;0.2;0.0
Toledo;Toledo;9.4 (16:20);-4.0 (08:20);2.7;28 (21:10);21 (21:10);0.0;0.0;0.0;0.0
San Pablo de los Montes;Toledo;4.2 (15:40);-4.8 (07:30);-0.3;20 (14:50);10 (14:20);0.0;0.0;0.0;0.0
Navahermosa;Toledo;6.7 (16:30);-4.5 (05:50);1.1;;;0.8;0.0;0.4;0.4
Castillo de Bayuela;Toledo;8.5 (14:10);-1.2 (08:40);3.6;;;0.0;0.0;0.0;0.0
Talavera de la Reina;Toledo;9.7 (16:40);-5.0 (08:40);2.3;;;0.0;0.0;0.0;0.0
Oropesa;Toledo;10.1 (15:50);-7.6 (07:20);1.3;;;0.0;0.0;0.0;0.0
Quintanar de la Orden;Toledo;4.7 (16:30);-4.9 (06:00);-0.1;39 (13:50);21 (13:40);0.0;0.0;0.0;0.0
Madridejos;Toledo;4.6 (17:40);-6.5 (05:30);-1.0;30 (13:50);17 (14:10);0.0;0.0;0.0;0.0
Fontanars dels Alforins;València/Valencia;8.5 (16:10);-2.7 (08:10);2.9;;;0.0;0.0;0.0;0.0
Oliva;València/Valencia;11.0 (14:30);1.8 (08:10);6.4;21 (11:20);11 (10:10);0.0;0.0;0.0;0.0
Miramar;València/Valencia;10.9 (15:50);3.6 (08:20);7.2;;;0.0;0.0;0.0;0.0
Barx;València/Valencia;10.8 (15:20);-0.7 (08:50);5.1;24 (14:20);14 (19:50);0.0;0.0;0.0;0.0
Jalance;València/Valencia;9.8 (15:40);-4.6 (08:10);2.6;32 (14:20);15 (14:20);0.0;0.0;0.0;0.0
Zarra;València/Valencia;;;;;;;0.0;0.0;
Bicorp;València/Valencia;11.7 (15:20);-1.3 (08:20);5.2;27 (15:50);14 (15:20);0.0;0.0;0.0;0.0
Ontinyent;València/Valencia;10.7 (16:00);-1.3 (06:10);4.7;22 (16:20);8 (16:20);0.0;0.0;0.0;0.0
Xàtiva;València/Valencia;14.3 (16:10);0.0 (08:50);7.2;48 (16:50);17 (17:40);0.0;0.0;0.0;0.0
Carcaixent;València/Valencia;13.2 (15:50);0.2 (08:20);6.7;23 (17:50);14 (17:50);0.0;0.0;0.0;0.0
Utiel;València/Valencia;7.5 (16:10);-2.3 (09:50);2.6;58 (13:30);43 (13:40);0.0;0.0;0.0;0.0
Buñol;València/Valencia;8.1 (14:20);-3.4 (06:10);2.4;28 (16:40);13 (17:10);0.0;0.0;0.0;0.0
Polinyà de Xúquer;València/Valencia;12.2 (17:10);1.5 (04:10);6.8;23 (14:10);10 (10:30);0.0;0.0;0.0;0.0
Turís;València/Valencia;11.4 (14:10);-0.7 (04:40);5.3;;;0.0;0.0;0.0;0.0
Ademuz;València/Valencia;4.0 (15:30);-7.9 (07:20);-2.0;;;0.0;0.0;0.0;0.0
Chelva;València/Valencia;7.3 (13:10);-1.0 (07:20);3.2;45 (15:40);27 (15:50);0.0;0.0;0.0;0.0
Lliria;València/Valencia;10.9 (13:10);-1.2 (08:10);4.8;45 (14:50);27 (14:30);0.0;0.0;0.0;0.0
Valencia Aeropuerto;València/Valencia;;;;45 (16:40);32 (16:10);0.0;0.0;0.0;0.0
València, Viveros;València/Valencia;13.6 (13:40);2.5 (08:30);8.1;32 (14:20);14 (14:20);0.0;0.0;0.0;0.0
Sagunto;València/Valencia;13.3 (14:10);4.5 (07:40);8.9;;;0.0;0.0;0.0;0.0
Peñafiel;Valladolid;3.8 (15:30);-4.8 (08:30);-0.5;;;0.0;0.0;0.0;0.0
Sardón de Duero;Valladolid;7.7 (16:30);-7.9 (08:30);-0.1;24 (12:30);11 (13:50);0.0;0.0;0.0;0.0
Valladolid;Valladolid;6.1 (14:10);-4.3 (08:40);0.9;21 (16:30);9 (16:20);0.0;0.0;0.0;0.0
Olmedo, Depósito de Agua;Valladolid;4.5 (14:10);-5.8 (08:30);-0.7;22 (15:50);14 (23:00);0.0;0.0;0.0;0.0
Rueda;Valladolid;5.8 (17:00);-5.6 (07:40);0.1;;;0.0;0.0;0.0;0.0
Fuente el Sol;Valladolid;6.2 (17:50);-6.0 (07:30);0.1;21 (16:20);13 (16:20);0.0;0.0;0.0;0.0
Villalón de Campos;Valladolid;7.3 (14:20);-8.3 (07:30);-0.5;20 (13:00);12 (13:00);0.0;0.0;0.0;0.0
Medina de Rioseco;Valladolid;5.8 (16:10);-8.8 (07:30);-1.5;20 (14:00);12 (15:20);0.0;0.0;0.0;0.0
Morales del Toro;Zamora;7.3 (16:00);-6.1 (08:30);0.6;32 (15:30);10 (12:50);0.0;0.0;0.0;0.0
Fuentesauco;Zamora;4.7 (17:10);-5.4 (08:10);-0.4;21 (16:00);11 (14:40);0.0;0.0;0.0;0.0
Villafáfila;Zamora;6.9 (17:00);-7.6 (07:30);-0.3;21 (16:30);10 (15:50);0.0;0.0;0.0;0.0
Zamora;Zamora;6.9 (16:20);-5.0 (08:00);1.0;17 (14:30);8 (14:50);0.0;0.0;0.0;0.0
Benavente;Zamora;7.1 (17:20);-6.3 (04:20);0.4;20 (14:40);10 (14:00);0.0;0.0;0.0;0.0
Sanabria, Robleda-Cervantes;Zamora;6.4 (16:50);-11.5 (06:40);-2.5;13 (14:40);5 (12:10);0.0;0.0;0.0;0.0
Villardeciervos;Zamora;8.6 (17:10);-9.9 (08:00);-0.6;20 (19:40);13 (19:40);0.0;0.0;0.0;0.0
Santibañez de Vidriales;Zamora;7.5 (16:50);-7.2 (08:30);0.2;24 (14:00);14 (01:40);0.0;0.0;0.0;0.0
Pozuelo de Tabara;Zamora;6.3 (17:10);-7.2 (06:20);-0.4;22 (15:10);11 (18:50);0.0;0.0;0.0;0.0
Villadepera;Zamora;5.9 (16:30);-4.6 (07:00);0.7;25 (16:50);14 (01:40);0.0;0.0;0.0;0.0
Peñausende;Zamora;;;;;;;;;
Fresno de Sayago;Zamora;6.8 (17:40);-7.1 (07:10);-0.1;25 (14:30);16 (15:50);0.0;0.0;0.0;0.0
Alcañices;Zamora;8.9 (17:10);-7.5 (08:40);0.7;18 (15:30);13 (18:40);0.0;0.0;0.0;0.0
Sos del Rey Católico;Zaragoza;3.3 (12:50);-0.2 (23:59);1.5;55 (16:20);26 (18:50);0.0;0.0;0.0;0.0
Tarazona;Zaragoza;6.4 (15:30);0.1 (00:30);3.3;48 (12:20);27 (12:20);0.0;0.0;0.0;0.0
Ejea de los Caballeros;Zaragoza;7.5 (15:20);0.3 (23:59);3.9;42 (12:00);17 (11:30);0.0;0.0;0.0;0.0
Castejon de Valdejasa;Zaragoza;5.0 (14:40);-2.0 (07:00);1.5;56 (16:20);35 (16:20);0.0;0.0;0.0;0.0
Alhama de Aragon;Zaragoza;7.6 (14:30);-5.1 (05:20);1.3;;;0.0;0.0;0.0;0.0
Daroca;Zaragoza;5.0 (16:00);-5.7 (03:50);-0.3;36 (13:50);15 (15:50);0.0;0.0;0.0;0.0
Calatayud;Zaragoza;7.5 (16:30);-3.6 (04:30);2.0;35 (17:30);24 (17:30);0.0;0.0;0.0;0.0
La Almunia de Doña Godina;Zaragoza;7.5 (12:10);0.4 (23:59);4.0;44 (14:00);25 (14:10);0.0;0.0;0.0;0.0
Zaragoza Aeropuerto;Zaragoza;8.2 (14:10);0.5 (04:40);4.3;67 (12:00);48 (12:00);0.0;0.0;0.0;0.0
Zaragoza, Valdespartera;Zaragoza;8.0 (14:30);1.1 (07:00);4.6;67 (12:10);39 (12:40);0.0;0.0;0.0;0.0
Leciñena;Zaragoza;6.5 (14:40);-3.4 (23:59);1.5;53 (13:20);32 (12:10);0.0;0.0;0.0;0.0
Valmadrid;Zaragoza;5.1 (14:40);-0.7 (04:30);2.2;66 (15:00);46 (13:10);0.0;0.0;0.0;0.0
Quinto;Zaragoza;8.3 (14:20);0.4 (23:50);4.4;60 (16:00);39 (14:30);0.0;0.0;0.0;0.0
Caspe;Zaragoza;8.5 (15:30);0.3 (08:00);4.4;;;0.0;0.0;0.0;0.0
